,name,album,artist,release_date,length,popularity,acousticness,danceability,energy,instrumentalness,liveness,loudness,speechiness,tempo,valence,key,time_signature,playlist
0,King Of The Road,All Time Greatest Hits,Roger Miller,2003-01-01,148280,0,0.652,0.674,0.365,0.0,0.14,-10.23,0.0758,118.009,0.532,11,4,1960s
1,Sea of Heartbreak,The Essential Don Gibson,Don Gibson,2014-03-28,151773,46,0.37,0.594,0.48,9.04e-05,0.33,-12.03,0.0351,91.18,0.799,7,4,1960s
2,Jackson (with June Carter Cash),Keep On the Sunny Side - June Carter Cash: Her Life In Music,June Carter Cash,1952,166266,47,0.552,0.707,0.483,0.000143,0.388,-9.929,0.0371,128.32,0.79,0,4,1960s
3,Gentle On My Mind - Remastered 2001,Gentle On My Mind (Remastered),Glen Campbell,1967,178626,63,0.189,0.597,0.415,0.0,0.123,-13.799,0.0323,108.987,0.826,3,4,1960s
4,Act Naturally,All-Time Greatest Hits,Buck Owens,2010-08-31,143693,60,0.336,0.552,0.474,0.0,0.173,-6.847,0.0275,92.156,0.7,7,4,1960s
5,Mama Tried,Mama Tried/ Pride In What I Am,Merle Haggard,2006-01-01,134453,62,0.719,0.738,0.538,1.35e-05,0.0653,-10.118,0.0374,97.487,0.81,2,4,1960s
6,Last Date - Instrumental,Super Hits,Floyd Cramer,1979,146760,47,0.858,0.615,0.306,0.958,0.15,-12.026,0.0289,103.818,0.613,0,3,1960s
7,Six Days On The Road,20th Century Masters: The Millennium Collection: Best Of Dave Dudley,Dave Dudley,2002-01-01,134706,47,0.708,0.703,0.549,5.57e-06,0.361,-10.952,0.0493,90.382,0.919,2,4,1960s
8,Harper Valley P.T.A.,Harper Valley P.T.A. (The Plantation Recordings 1968-70),Jeannie C. Riley,2013-09-30,194400,54,0.629,0.795,0.448,0.0,0.0659,-13.427,0.0444,122.318,0.96,4,4,1960s
9,Devil Woman,The Story Of My Life: The Best Of Marty Robbins 1952-1965,Marty Robbins,1996-03-12,172666,48,0.921,0.684,0.277,6.54e-06,0.124,-13.1,0.0533,145.155,0.642,4,4,1960s
10,Detroit City,Super Hits,Bobby Bare,2004-06-18,169933,48,0.518,0.519,0.319,9.05e-06,0.096,-13.142,0.0287,121.647,0.473,11,4,1960s
11,Daddy Sang Bass,The Essential Johnny Cash,Johnny Cash,2002-02-12,140440,59,0.699,0.681,0.638,0.000629,0.0581,-7.818,0.0367,96.882,0.677,4,4,1960s
12,Me And Bobby McGee,Super Hits,Roger Miller,1996,196400,48,0.392,0.538,0.492,0.00182,0.051,-14.736,0.0323,166.049,0.899,2,4,1960s
13,Love's Gonna Live Here,All-Time Greatest Hits,Buck Owens,2010-08-31,124146,51,0.464,0.621,0.552,0.00135,0.0735,-6.986,0.0242,92.668,0.969,8,4,1960s
14,She Thinks I Still Care - Single Version,Best Of,George Jones,2013-01-01,153333,0,0.642,0.552,0.362,0.0,0.124,-9.847,0.0297,115.023,0.639,11,4,1960s
15,Okie From Muskogee,Down Every Road 1962-1994,Merle Haggard,1996-01-01,164106,50,0.334,0.59,0.394,2.51e-05,0.328,-13.337,0.0321,139.936,0.717,2,4,1960s
16,Don't Worry,The Story Of My Life: The Best Of Marty Robbins 1952-1965,Marty Robbins,1996-03-12,194160,46,0.879,0.648,0.165,0.000216,0.13,-16.446,0.0348,99.585,0.435,4,4,1960s
17,Big Bad John,The Best Of Jimmy Dean,Jimmy Dean,1961,182560,56,0.596,0.516,0.457,0.0,0.106,-12.609,0.184,173.934,0.455,8,4,1960s
18,"Folsom Prison Blues - Live at Folsom State Prison, Folsom, CA (1st Show) - January 1968",At Folsom Prison (Legacy Edition),Johnny Cash,1968,156426,0,0.0215,0.594,0.577,0.00792,0.883,-12.772,0.0534,110.783,0.89,0,4,1960s
19,I've Got A Tiger By The Tail - 2006 Remastered Version,21 #1 Hits: The Ultimate Collection,Buck Owens,2006-08-01,133866,51,0.595,0.701,0.497,3.12e-05,0.118,-10.05,0.0316,96.513,0.963,4,4,1960s
20,Ode To Billie Joe,Ode To Billie Joe,Bobbie Gentry,1967-08-21,255001,58,0.721,0.637,0.189,0.0,0.0939,-10.726,0.0471,120.142,0.695,7,4,1960s
21,The Race Is On,Best Of,George Jones,2013-01-01,126533,0,0.454,0.465,0.674,0.0,0.233,-8.318,0.0833,171.246,0.923,9,4,1960s
22,Hello Walls,Classic Country Gold,Various Artists,2005-01-01,142626,0,0.775,0.596,0.327,0.0,0.232,-11.569,0.0319,102.198,0.65,0,4,1960s
23,I Fall To Pieces - Single Version,Sweet Dreams: Her Complete Decca Masters (1960-1963),Patsy Cline,2010-01-01,167693,0,0.884,0.555,0.218,7.36e-05,0.289,-11.793,0.0319,111.584,0.612,10,4,1960s
24,Skip a Rope,All-American Cowboy,Henson Cargill,1988,160784,50,0.608,0.623,0.51,0.00267,0.0699,-13.092,0.0374,145.604,0.54,6,4,1960s
25,A Boy Named Sue - Live Version,The Greatest: The Number Ones,Johnny Cash,2012-08-07,225266,0,0.758,0.688,0.445,0.0,0.71,-11.974,0.198,101.636,0.92,10,4,1960s
26,Swinging Doors,Super Hits Collection - 32 Songs - Swinging Doors,Merle Haggard,2005,172920,31,0.0234,0.79,0.523,0.00102,0.109,-7.627,0.0293,122.358,0.606,5,4,1960s
27,Just Between You and Me,Super Hits,Charley Pride,1996-10-14,134786,46,0.618,0.527,0.439,0.0,0.345,-11.593,0.0323,110.195,0.659,6,4,1960s
28,500 Miles Away from Home,Super Hits,Bobby Bare,2004-06-18,162506,46,0.659,0.519,0.374,6.88e-06,0.644,-13.115,0.0314,109.253,0.521,7,4,1960s
29,Yesterday When I Was Young,The Best Of Roy Clark,Roy Clark,2005-08-09,200240,0,0.555,0.328,0.365,0.0,0.146,-13.772,0.0582,178.103,0.344,2,4,1960s
30,Crazy - Single Version,Gold,Patsy Cline,2005,162133,0,0.896,0.508,0.189,0.000524,0.0793,-13.191,0.0356,104.86,0.444,10,3,1960s
31,Walk Through This World With Me,Walk Through This World With Me,George Jones,1966,137960,36,0.449,0.435,0.295,0.000265,0.11,-9.043,0.0276,94.292,0.49,7,4,1960s
32,Flowers On the Wall,Flowers On The Wall: The Essential Statler Brothers 1964-1969,The Statler Brothers,1996-03-12,138800,55,0.792,0.784,0.451,4.09e-05,0.115,-11.225,0.0723,100.303,0.78,8,4,1960s
33,I've Been Everywhere - Remastered,The Essential Hank Snow,Hank Snow,2013-11-19,164640,45,0.551,0.449,0.537,0.000148,0.412,-13.138,0.0392,119.689,0.961,6,4,1960s
34,Dang Me,Super Hits,Roger Miller,1996,102400,51,0.705,0.564,0.378,0.000716,0.0723,-14.468,0.168,197.325,0.687,9,4,1960s
35,Together Again,Together Again / My Heart Skips a Beat,Buck Owens,1995-05-17,148400,0,0.585,0.413,0.254,0.0469,0.138,-9.899,0.0281,76.904,0.526,1,4,1960s
36,Blue Kentucky Girl,Gold,Loretta Lynn,2006-01-01,160626,0,0.71,0.714,0.346,0.00232,0.0998,-11.666,0.0371,113.264,0.57,11,4,1960s
37,Ring of Fire,The Essential Johnny Cash,Johnny Cash,2002-02-12,155706,60,0.267,0.661,0.517,0.000158,0.431,-8.004,0.0269,104.563,0.676,7,4,1960s
38,He'll Have to Go,The Essential Jim Reeves,Jim Reeves,1997-02-14,138640,54,0.909,0.554,0.186,0.00144,0.11,-15.846,0.0379,81.181,0.2,1,3,1960s
39,Ballad Of Forty Dollars,20th Century Masters: The Millennium Collection: Best Of Tom T. Hall,Tom T. Hall,2000-01-01,183400,0,0.334,0.6,0.843,0.0,0.346,-7.489,0.0462,115.081,0.866,2,4,1960s
40,Almost Persuaded,Almost Persuaded,David Houston,1966,176360,46,0.861,0.251,0.338,0.0,0.144,-11.897,0.0382,81.642,0.353,8,3,1960s
41,Walk On By,Classic Country Gold,Various Artists,2005-01-01,140160,0,0.738,0.602,0.488,0.00352,0.254,-11.649,0.031,134.218,0.97,10,4,1960s
42,Abilene,Abilene,George Hamilton IV,1963-12-17,133333,47,0.445,0.63,0.448,1.43e-05,0.271,-15.015,0.0271,104.024,0.753,5,4,1960s
43,Chug-A-Lug,The Very Best ofâ€¦,Roger Miller,2006-01-01,123360,45,0.69,0.699,0.408,0.000219,0.145,-11.46,0.096,171.922,0.842,11,4,1960s
44,The Cold Hard Facts of Life,The Cold Hard Facts of Life,Porter Wagoner,1967-07-24,192946,44,0.851,0.516,0.438,0.0,0.403,-11.834,0.0321,132.519,0.42,0,4,1960s
45,Stand By Your Man,Stand By Your Man,Tammy Wynette,1968,157893,53,0.776,0.563,0.331,0.000846,0.125,-9.681,0.0283,105.779,0.608,9,4,1960s
46,Wine Me Up,Hello Walls,Faron Young,2013-10-23,144120,44,0.133,0.547,0.254,8.24e-05,0.263,-16.548,0.0461,139.65,0.903,9,4,1960s
47,Stop the World (And Let Me Off),RCA Country Legends: Waylon Jennings,Waylon Jennings,2001,122693,0,0.498,0.407,0.816,0.0885,0.116,-4.821,0.0389,87.578,0.779,2,4,1960s
48,Wichita Lineman - Remastered 2001,Wichita Lineman (Remastered),Glen Campbell,1968,186200,65,0.326,0.192,0.392,0.000199,0.248,-11.667,0.0328,172.312,0.391,5,4,1960s
49,Wings Of A Dove,Capitol Collectors Series,Ferlin Husky,1989-01-01,139093,46,0.54,0.498,0.555,0.0,0.26,-11.577,0.0468,184.891,0.888,4,3,1960s
50,Green Green Grass Of Home,20 All-Time Greatest Hits,Porter Wagoner,1972,178266,31,0.651,0.679,0.202,0.000722,0.117,-17.938,0.0295,95.89,0.591,3,4,1960s
51,Take Me,The Essential George Jones,George Jones,2006,140733,47,0.863,0.427,0.209,0.0,0.103,-13.851,0.0308,102.668,0.333,9,3,1960s
52,Little Green Apples - Single Version,All Time Greatest Hits,Roger Miller,2003-01-01,157960,0,0.879,0.506,0.182,0.0892,0.134,-17.9,0.0552,101.797,0.398,0,4,1960s
53,Fist City,Fist City,Loretta Lynn,1968-01-01,132447,0,0.711,0.657,0.558,0.0,0.334,-8.736,0.0413,77.849,0.906,0,4,1960s
54,"Saginaw, Michigan","Saginaw, Michigan",Lefty Frizzell,1964-07-01,182573,43,0.878,0.596,0.366,0.00263,0.23,-14.933,0.0325,145.717,0.853,10,4,1960s
55,Homecoming - Single Version,Tom T. Hall's Greatest Hits,Tom T. Hall,1972-01-01,201000,0,0.943,0.638,0.301,0.00705,0.13,-17.691,0.0474,122.767,0.676,11,4,1960s
56,Misery Loves Company,The Best Of The Best,Porter Wagoner,2005,149546,26,0.534,0.455,0.441,0.0,0.124,-11.119,0.08,189.169,0.633,5,3,1960s
57,I Don't Wanna Play House,Tammy's Greatest Hits,Tammy Wynette,1969,154626,47,0.806,0.546,0.258,1.06e-05,0.165,-12.894,0.0317,100.683,0.464,7,4,1960s
58,Girl On The Billboard,Son Of The South,Del Reeves,2007-04-12,157000,42,0.437,0.571,0.653,0.0,0.205,-9.043,0.0378,171.06,0.851,2,4,1960s
59,Lonesome 7-7203,20 Greatest Hits,Hawkshaw Hawkins,2005,166053,27,0.812,0.616,0.332,0.000401,0.332,-13.455,0.0319,115.88,0.662,9,4,1960s
60,The Image of Me,Timeless,Conway Twitty,2017-10-06,177333,44,0.338,0.557,0.438,8.17e-06,0.136,-6.034,0.0268,87.895,0.45,9,3,1960s
61,Standing In The Shadows,"The Best Of Hank Williams, Jr. 20th Century Masters The Millennium Collection","Hank Williams, Jr.",2004-01-01,189573,37,0.902,0.524,0.3,0.0192,0.156,-14.508,0.0354,98.107,0.544,2,4,1960s
62,Don't Come Home A-Drinkin' (With Lovin' On Your Mind) - Single Version,The Definitive Collection,Loretta Lynn,2005-01-01,127520,43,0.725,0.75,0.571,3.5e-06,0.117,-8.573,0.057,83.31,0.946,1,4,1960s
63,Leavin' On Your Mind - Single Version,Sweet Dreams: Her Complete Decca Masters (1960-1963),Patsy Cline,2010-01-01,144040,0,0.88,0.476,0.237,7.73e-06,0.485,-12.795,0.0292,104.614,0.4,7,3,1960s
64,The Last Thing On My Mind,The Essential Porter Wagoner & Dolly Parton,Porter Wagoner,2015-10-02,156160,50,0.563,0.611,0.412,0.0,0.24,-12.513,0.0282,105.811,0.713,11,4,1960s
65,Bright Lights and Country Music,Greats,Bill Anderson,2012-07-02,161413,0,0.0985,0.669,0.407,2.2e-05,0.1,-11.588,0.0284,135.367,0.69,9,4,1960s
66,Does My Ring Hurt Your Finger,The Essential Charley Pride,Charley Pride,1997-04-26,137493,0,0.649,0.454,0.326,0.0,0.129,-11.214,0.0283,107.64,0.708,11,4,1960s
67,Make the World Go Away,The Essential Eddy Arnold,Eddy Arnold,2013-11-19,157826,43,0.926,0.214,0.215,9.33e-05,0.121,-11.312,0.0318,205.359,0.477,1,3,1960s
68,It's Such A Pretty World Today,Lost Country Hits of the 60s,Various Artists,2013-01-01,150093,43,0.854,0.622,0.344,0.0,0.31,-12.833,0.0396,118.377,0.673,4,4,1960s
69,Wolverton Mountain,Columbia Country Classics Volume 3: Americana,Various Artists,1954,177573,43,0.806,0.629,0.335,1.21e-06,0.217,-15.039,0.0499,157.193,0.834,9,4,1960s
70,Talk Back Trembling Lips,Greatest Hits,Ernest Ashworth,1991-04-15,160440,41,0.751,0.575,0.435,0.0,0.0795,-11.801,0.0326,135.955,0.739,9,4,1960s
71,Phantom 309,20 All Time Greatest Hits,Red Sovine,2005,203733,33,0.801,0.363,0.549,0.0,0.255,-13.133,0.142,147.397,0.688,5,4,1960s
72,Honey - 1991 - Remaster,Honey - The Best of Bobby Goldsboro,Bobby Goldsboro,1991,239066,0,0.21,0.5,0.189,3.08e-05,0.129,-17.563,0.0307,93.259,0.587,7,4,1960s
73,The Carroll County Accident,The Essential Porter Wagoner,Porter Wagoner,1997-04-26,169200,41,0.346,0.643,0.504,0.0,0.247,-11.231,0.0395,91.688,0.705,7,4,1960s
74,The Bottle Let Me Down,Vintage Collections,Merle Haggard,2010-01-01,168466,45,0.552,0.705,0.451,0.000845,0.118,-8.469,0.0275,125.86,0.704,2,4,1960s
75,Above And Beyond,All-Time Greatest Hits,Buck Owens,2010-08-31,148000,43,0.597,0.52,0.525,0.0,0.0847,-7.449,0.0412,147.601,0.743,8,5,1960s
76,"Please Help Me, I'm Falling",RCA Country Legends,Hank Locklin,2003-03-03,141466,50,0.828,0.552,0.336,0.0,0.324,-10.712,0.0311,105.479,0.553,7,4,1960s
77,A Six Pack To Go,20 Greatest Hits,Hank Thompson,2005,129360,29,0.489,0.67,0.413,0.00251,0.119,-14.734,0.18,165.823,0.593,9,4,1960s
78,D-I-V-O-R-C-E,Tammy's Greatest Hits,Tammy Wynette,1969,175253,44,0.836,0.619,0.33,0.0,0.154,-11.332,0.0295,99.353,0.602,9,4,1960s
79,Right Or Wrong,The Ultimate Collection,Wanda Jackson,2007-01-01,157160,42,0.814,0.425,0.291,0.0,0.143,-10.554,0.0315,114.571,0.393,7,4,1960s
80,You Ain't Woman Enough - Single Version,The Definitive Collection,Loretta Lynn,2005-01-01,132320,43,0.436,0.681,0.45,0.0,0.0607,-10.888,0.072,150.148,0.817,8,4,1960s
81,(Margie's At) The Lincoln Park Inn,(Margie's At) The Lincoln Park Inn,Bobby Bare,1969-06-01,198733,42,0.724,0.364,0.318,0.000234,0.151,-13.345,0.0308,131.155,0.525,2,3,1960s
82,Burning Memories - Single Version,Burning Memories,Ray Price,1964-12-17,149200,40,0.899,0.32,0.297,0.000738,0.347,-15.054,0.0357,102.12,0.445,7,4,1960s
83,Timber I'm Falling,Super Hits,Ferlin Husky,2005,152800,27,0.526,0.757,0.701,4.84e-05,0.121,-7.345,0.0347,112.947,0.884,4,4,1960s
84,Branded Man - Remastered,Prison,Merle Haggard,2001-01-01,186800,43,0.386,0.731,0.465,0.0,0.0854,-8.133,0.03,120.877,0.519,2,4,1960s
85,Send Me The Pillow You Dream On,25 All-Time Greatest Hits,Johnny Tillotson,2001-01-01,173960,0,0.724,0.433,0.318,2.5e-05,0.347,-9.149,0.0271,109.32,0.432,2,4,1960s
86,Welcome to My World,The Essential Jim Reeves,Jim Reeves,1997-02-14,152600,51,0.725,0.341,0.252,0.0594,0.287,-14.869,0.0288,81.058,0.399,3,4,1960s
87,Don't You Ever Get Tired of Hurting Me,The Other Woman,Ray Price,1965-07-22,168240,43,0.661,0.372,0.184,0.361,0.207,-16.772,0.031,83.535,0.541,7,4,1960s
88,Statue of a Fool,20 All Time Greatest Hits,Jack Greene,2005,181106,28,0.845,0.474,0.249,0.00437,0.129,-14.124,0.0346,110.078,0.216,10,3,1960s
89,Still - Single Version,The Definitive Collection,Bill Anderson,2006-01-01,166973,45,0.678,0.561,0.142,0.00631,0.226,-18.972,0.0433,94.454,0.293,8,4,1960s
90,We'll Get Ahead Someday,The Essential Porter Wagoner & Dolly Parton,Porter Wagoner,2015-10-02,117053,42,0.333,0.68,0.404,0.0,0.114,-12.732,0.0307,82.02,0.917,11,4,1960s
91,(That's What You Get) For Lovin' Me,The Essential Waylon Jennings,Waylon Jennings,2007-05-01,146133,45,0.664,0.608,0.684,2.94e-06,0.0897,-9.806,0.0419,89.074,0.873,4,4,1960s
92,May the Bird of Paradise Fly up Your Nose,May the Bird of Paradise Fly Up Your Nose,Little Jimmy Dickens,1965,151693,42,0.738,0.66,0.801,1.04e-05,0.627,-8.446,0.115,104.374,0.867,4,4,1960s
93,Pop a Top,The Essential Jim Ed Brown And The Browns (feat. Jim Ed Brown),The Browns,1996-01-30,140306,44,0.687,0.524,0.497,5.66e-06,0.175,-10.824,0.0372,118.263,0.913,9,4,1960s
94,Don't Touch Me,The Seely Style,Jeannie Seely,1966-01-01,192960,39,0.896,0.383,0.0557,6.73e-06,0.0758,-15.546,0.0388,105.85,0.197,4,3,1960s
95,Once a Day,The Essential Connie Smith,Connie Smith,1996-04-15,138146,0,0.221,0.492,0.334,0.0,0.0852,-10.458,0.0305,136.547,0.692,6,4,1960s
96,The Streets of Baltimore,Streets of Baltimore,Bobby Bare,1966-08-22,157640,45,0.629,0.578,0.447,0.0,0.19,-14.212,0.032,116.128,0.808,4,4,1960s
97,Big Iron,Gunfighter Ballads And Trail Songs,Marty Robbins,1959,235733,70,0.803,0.726,0.474,0.0,0.258,-7.834,0.0491,116.027,0.57,1,4,1960s
98,Don't Let Me Cross Over,Don't Let Me Cross Over,Carl Butler,1963-12-17,177106,48,0.871,0.59,0.188,0.0,0.0877,-12.253,0.0302,113.907,0.521,7,3,1960s
99,Yakety Axe,The Essential Chet Atkins,Chet Atkins,2007-07-16,123240,41,0.305,0.608,0.691,0.629,0.067,-10.119,0.0331,118.942,0.921,0,4,1960s
0,Good Hearted Woman,Ultimate Waylon Jennings,Waylon Jennings,2004-03-23,178733,55,0.387,0.41,0.568,0.102,0.389,-11.673,0.0346,103.026,0.644,2,4,1970s
1,Thank God I'm a Country Boy - Live,The Essential John Denver,John Denver,2007-02-27,200466,0,0.656,0.409,0.621,0.0,0.967,-11.016,0.138,202.354,0.836,9,3,1970s
2,Tulsa Time,20 Greatest Hits,Don Williams,1987-01-01,192800,47,0.493,0.877,0.489,8.05e-06,0.0611,-15.244,0.0385,103.886,0.929,4,4,1970s
3,Kiss an Angel Good Mornin',The Essential Charley Pride,Charley Pride,2006-05-08,123133,51,0.708,0.684,0.498,0.0,0.365,-10.836,0.03,131.855,0.905,4,4,1970s
4,Let Your Love Flow,Bellamy Brothers,The Bellamy Brothers,1976-07-01,198760,71,0.0611,0.679,0.553,7.16e-06,0.139,-14.687,0.0316,109.071,0.946,3,4,1970s
5,Y'all Come Back Saloon,Oak Ridge Boys Greatest Hits,The Oak Ridge Boys,1980-01-01,174226,41,0.0994,0.684,0.417,3.69e-05,0.0789,-14.849,0.0502,82.837,0.743,2,4,1970s
6,Lucille - 2006 Digital Remaster,Number Ones,Kenny Rogers,2006-01-01,219360,0,0.412,0.65,0.286,0.0,0.133,-15.878,0.0345,142.236,0.418,5,3,1970s
7,You Never Even Called Me By My Name,David Allan Coe - 16 Biggest Hits,David Allan Coe,1975,314226,56,0.153,0.604,0.459,0.0,0.275,-13.19,0.0321,105.908,0.505,0,4,1970s
8,"Mammas, Don't Let Your Babies Grow Up to Be Cowboys",The Essential Waylon Jennings,Waylon Jennings,2007-05-01,152533,56,0.578,0.373,0.423,0.00115,0.16,-11.642,0.0618,187.477,0.527,9,3,1970s
9,Blue Eyes Crying In the Rain,Red Headed Stranger,Willie Nelson,1975-05-01,138600,62,0.928,0.626,0.04,0.00178,0.11,-19.994,0.0405,117.136,0.418,4,4,1970s
10,Take This Job and Shove It,Johnny Paycheck - 16 Biggest Hits,Johnny Paycheck,1971,156666,47,0.556,0.763,0.364,2.02e-05,0.0792,-14.244,0.0559,137.132,0.715,5,4,1970s
11,It Must Be Love - Single Version,20 Greatest Hits,Don Williams,1987-01-01,146733,46,0.129,0.92,0.399,8.66e-06,0.0721,-17.627,0.0608,110.824,0.966,5,4,1970s
12,The Year That Clayton Delaney Died,20th Century Masters: The Millennium Collection: Best Of Tom T. Hall,Tom T. Hall,2000-01-01,165293,0,0.588,0.659,0.456,0.0,0.198,-8.883,0.0307,133.229,0.892,1,4,1970s
13,Every Which Way but Loose - 2009 Remaster,Number One Hits,Eddie Rabbitt,2009-10-05,171653,54,0.458,0.598,0.483,7.88e-06,0.36,-7.474,0.0292,130.663,0.452,7,4,1970s
14,One Piece at a Time,One Piece At A Time,Johnny Cash,1976-05-01,241813,59,0.685,0.721,0.539,0.0,0.282,-14.064,0.351,102.648,0.963,10,4,1970s
15,Two More Bottles of Wine - 2003 Remaster,Quarter Moon in a Ten Cent Town (Expanded & Remastered),Emmylou Harris,1978,186333,49,0.251,0.764,0.736,0.000294,0.121,-7.571,0.0333,134.336,0.96,3,4,1970s
16,The Gambler,20 #1's: Classic Country,Various Artists,2015-06-16,210679,0,0.408,0.682,0.532,0.0,0.122,-11.61,0.0826,88.286,0.773,4,4,1970s
17,"Luckenbach, Texas (Back to the Basics of Love)",Ultimate Waylon Jennings,Waylon Jennings,2004-03-23,200493,57,0.704,0.684,0.45,0.00191,0.243,-10.422,0.0332,102.902,0.639,7,4,1970s
18,Rhinestone Cowboy,Greatest Hits,Glen Campbell,2009-01-01,209306,43,0.118,0.601,0.711,0.00163,0.43,-3.998,0.0255,115.168,0.719,0,4,1970s
19,I Love,20th Century Masters: The Millennium Collection: Best Of Tom T. Hall,Tom T. Hall,2000-01-01,125666,0,0.883,0.544,0.312,0.236,0.134,-12.146,0.0266,91.974,0.505,4,4,1970s
20,Love In The Hot Afternoon,Ultimate Collection: Gene Watson,Gene Watson,2001-01-01,201240,0,0.532,0.536,0.404,0.0,0.101,-11.265,0.0351,112.682,0.29,4,3,1970s
21,Pure Love - Remastered,Ultimate Ronnie Milsap,Ronnie Milsap,2004-03-01,140960,0,0.31,0.521,0.718,0.0,0.0648,-9.102,0.0324,151.216,0.849,2,4,1970s
22,You've Never Been This Far Before,Conway Twitty - 25 Number Ones,Conway Twitty,2004-01-01,181932,37,0.694,0.469,0.235,0.153,0.0962,-14.399,0.0336,138.522,0.52,10,4,1970s
23,Marie Laveau,Super Hits,Bobby Bare,2004-06-18,190773,41,0.867,0.599,0.535,1.44e-06,0.741,-10.522,0.0339,117.59,0.835,9,4,1970s
24,Stranger,The Essential Johnny Duncan,Johnny Duncan,2011,189786,44,0.121,0.57,0.555,0.0,0.304,-9.147,0.0273,117.646,0.901,5,4,1970s
25,Jolene,Jolene,Dolly Parton,1974-02-04,161533,74,0.566,0.674,0.537,0.0,0.131,-10.971,0.0363,110.578,0.809,1,4,1970s
26,If I Said You Had A Beautiful Body Would You Hold It Against Me,Best Of The Bellamy Brothers,The Bellamy Brothers,1992-03-16,192040,44,0.0334,0.741,0.508,2.75e-06,0.12,-15.703,0.0294,116.572,0.872,4,4,1970s
27,Coal Miner's Daughter,20 #1's: Classic Country,Various Artists,2015-06-16,181666,0,0.791,0.6,0.517,0.0187,0.108,-9.567,0.032,136.521,0.645,9,4,1970s
28,Southern Nights,Greatest Hits,Glen Campbell,2009-01-01,179586,41,0.0376,0.651,0.937,0.000419,0.291,-2.57,0.0366,93.789,0.927,1,4,1970s
29,Two Dollars in the Jukebox - 2008 Remaster,Rocky Mountain Music,Eddie Rabbitt,1976-10,142773,48,0.067,0.759,0.621,0.000291,0.0623,-12.539,0.0314,134.319,0.921,5,4,1970s
30,Don't It Make My Brown Eyes Blue,Crystal Gayle: The Hits,Crystal Gayle,2007-01-01,157933,52,0.714,0.675,0.49,0.000313,0.113,-7.818,0.0395,84.409,0.353,6,4,1970s
31,The Most Beautiful Girl,Charlie Rich - 16 Biggest Hits,Charlie Rich,1973,162866,51,0.702,0.566,0.409,3.36e-06,0.101,-10.379,0.0265,103.233,0.458,7,4,1970s
32,Rose Colored Glasses,Rose Colored Glasses,John Conlee,1988-01-01,200493,57,0.382,0.396,0.379,0.0,0.105,-14.236,0.043,114.447,0.368,8,3,1970s
33,Family Tradition,The Bocephus Box Set,"Hank Williams, Jr.",2000-08-22,242960,54,0.0238,0.66,0.523,0.0,0.142,-12.068,0.0608,126.342,0.794,4,4,1970s
34,"Take Me Home, Country Roads",The Essential John Denver,John Denver,2007-02-27,190040,0,0.715,0.456,0.383,0.0,0.127,-9.516,0.0263,82.026,0.67,9,4,1970s
35,Don't the Girls All Get Prettier at Closing Time,16 Biggest Hits,Mickey Gilley,1974,177266,35,0.605,0.657,0.808,2.68e-05,0.291,-8.564,0.0445,89.918,0.926,0,4,1970s
36,Coat of Many Colors,Coat Of Many Colors,Dolly Parton,1971,183666,60,0.93,0.624,0.257,7.56e-05,0.138,-13.341,0.0444,85.617,0.681,5,4,1970s
37,Daydreams About Night Things,The Essential Ronnie Milsap,Ronnie Milsap,2006-07-31,143333,0,0.57,0.639,0.53,0.0,0.0911,-9.358,0.0319,138.72,0.918,2,4,1970s
38,Stop And Smell The Roses,Stop And Smell The Roses,Mac Davis,1974-02-27,201600,39,0.232,0.528,0.421,0.0,0.159,-16.302,0.0858,85.449,0.763,2,4,1970s
39,Rub It In,"The Best Of Billy ""Crash"" Craddock",Billy 'Crash' Craddock,1996-01-01,146800,40,0.404,0.759,0.543,1.25e-05,0.141,-11.189,0.0321,115.671,0.977,7,4,1970s
40,The Grand Tour,George Jones - 16 Biggest Hits,George Jones,1998-07-14,187373,51,0.944,0.458,0.275,0.0194,0.271,-11.498,0.0261,88.718,0.449,10,4,1970s
41,Let Me Be There,Gold,Olivia Newton-John,2005-01-01,177986,0,0.281,0.559,0.673,5.97e-06,0.147,-7.693,0.0409,129.015,0.83,7,4,1970s
42,Misty,Greatest Hits - Original Recordings,Ray Stevens,2014-04-22,175933,36,0.187,0.591,0.551,0.000652,0.0749,-13.72,0.0286,100.326,0.877,2,4,1970s
43,The Devil Went Down to Georgia,Million Mile Reflections,The Charlie Daniels Band,1979,215066,61,0.131,0.517,0.535,0.0,0.085,-12.027,0.0494,135.087,0.933,0,4,1970s
44,What a Difference You've Made in My Life,The Essential Ronnie Milsap,Ronnie Milsap,2006-07-31,239066,0,0.528,0.422,0.537,0.000238,0.182,-10.214,0.0276,96.198,0.43,5,4,1970s
45,Wasted Days And Wasted Nights,Before The Next Teardrop Falls,Freddy Fender,1975,171761,49,0.481,0.702,0.409,4.76e-06,0.289,-8.84,0.0354,88.516,0.885,11,4,1970s
46,Some Broken Hearts Never Mend - Single Version,20 Greatest Hits,Don Williams,1987-01-01,168360,41,0.228,0.633,0.433,0.0775,0.0751,-16.442,0.0264,97.527,0.816,9,4,1970s
47,Drinkin' My Baby (Off My Mind) - 2009 Remaster,Number One Hits,Eddie Rabbitt,2009-10-05,145946,41,0.0764,0.614,0.706,0.0,0.306,-7.397,0.0292,127.952,0.867,4,4,1970s
48,"My Woman, My Woman, My Wife",Marty Robbins - 16 Biggest Hits,Marty Robbins,1952,211106,42,0.927,0.429,0.317,3.5e-06,0.116,-11.322,0.0292,102.109,0.302,0,3,1970s
49,"Louisiana Woman, Mississippi Man","Louisiana Woman, Mississippi Man",Conway Twitty,1973-01-01,151731,60,0.477,0.62,0.711,0.000168,0.0812,-6.943,0.035,98.263,0.96,1,4,1970s
50,Her Name Is...,Anniversary (Ten Years Of Hits),George Jones,1982-10-30,138800,45,0.307,0.565,0.336,0.0,0.0949,-16.387,0.0319,82.294,0.796,7,4,1970s
51,Before the Next Teardrop Falls,The Freddy Fender Collection,Freddy Fender,1991-10-11,158306,52,0.748,0.799,0.345,2.39e-05,0.169,-11.52,0.0276,90.417,0.776,10,4,1970s
52,Help Me Make It Through The Night,The Best Of Sammi Smith,Sammi Smith,1996-01-01,155533,54,0.605,0.559,0.35,0.000443,0.102,-12.01,0.0245,78.035,0.413,8,4,1970s
53,The Door Is Always Open,Anthology,Dave and Sugar,1998,163800,39,0.499,0.455,0.479,0.0,0.121,-10.417,0.0272,188.482,0.826,5,4,1970s
54,Ridin' My Thumb To Mexico,The Best Of Johnny Rodriguez 20th Century Masters The Millennium Collection,Johnny Rodriguez,2006-01-01,126200,37,0.972,0.628,0.321,1.01e-05,0.253,-9.718,0.0292,90.259,0.666,1,4,1970s
55,Just Good Ol' Boys,The Ultimate Moe & Joe,Moe Bandy,2003,155226,38,0.665,0.607,0.598,0.0,0.136,-8.875,0.0739,151.233,0.733,10,4,1970s
56,Linda On My Mind - Single Version,Conway Twitty's Greatest Hits Volume II,Conway Twitty,1976,162693,36,0.314,0.383,0.292,1.32e-05,0.0581,-15.23,0.0293,104.789,0.593,9,4,1970s
57,For the Good Times,The Essential Ray Price,Ray Price,2007-05-29,227786,49,0.76,0.352,0.204,0.000426,0.327,-15.414,0.0311,83.342,0.524,3,4,1970s
58,Blanket On The Ground,Country Greats,Billie Jo Spears,1987-01-01,215360,59,0.394,0.465,0.519,0.00156,0.204,-11.819,0.0239,86.6,0.881,5,4,1970s
59,Mother Country Music,Till The End,Vern Gosdin,1977,173853,38,0.189,0.562,0.448,0.0,0.144,-13.113,0.0358,132.622,0.603,9,4,1970s
60,Rose Garden,Rose Garden,Lynn Anderson,1971,175866,63,0.168,0.589,0.501,0.0,0.0741,-11.665,0.031,131.064,0.969,0,4,1970s
61,The Power of Positive Drinkin',The Essential Mickey Gilley,Mickey Gilley,2015-01-09,145253,36,0.629,0.535,0.912,0.00263,0.216,-8.18,0.0573,181.036,0.906,5,4,1970s
62,Here You Come Again,The Essential Dolly Parton,Dolly Parton,2005-06-28,174466,44,0.568,0.537,0.573,0.000641,0.062,-9.106,0.0369,105.795,0.615,1,4,1970s
63,Heaven's Just A Sin Away,Heaven's Just A Sin Away,The Kendalls,2005,146466,25,0.775,0.56,0.593,0.0,0.0917,-7.622,0.0313,154.311,0.862,6,4,1970s
64,East Bound and Down,The Essential Jerry Reed,Jerry Reed,2015-10-02,167706,43,0.396,0.495,0.929,0.0,0.238,-9.373,0.065,121.348,0.788,7,4,1970s
65,Shadows In The Moonlight,The Ultimate Collection (Deluxe Edition),Anne Murray,2017-09-29,209733,40,0.00351,0.63,0.689,4.7e-05,0.103,-5.927,0.0253,104.683,0.422,0,4,1970s
66,If We're Not Back In Love By Monday,Ramblin' Fever,Merle Haggard,1977-01-01,196000,40,0.813,0.696,0.193,1.34e-05,0.103,-16.637,0.0299,76.55,0.701,3,4,1970s
67,Sleeping Single In A Double Bed - Single Version,Ultimate Collection: Barbara Mandrell,Barbara Mandrell,2001-01-01,138853,36,0.454,0.715,0.687,0.0,0.0736,-9.408,0.0311,139.375,0.974,0,4,1970s
68,This Time,The Essential Waylon Jennings,Waylon Jennings,2007-05-01,144733,44,0.0884,0.448,0.597,0.285,0.149,-12.201,0.0381,98.494,0.514,0,4,1970s
69,Delta Dawn,Delta Dawn,Tanya Tucker,1972-04-19,178400,37,0.668,0.549,0.424,0.0,0.319,-12.892,0.0369,76.783,0.509,0,4,1970s
70,Pass Me By,20 Greatest Hits,Johnny Rodriguez,2005,157746,26,0.678,0.661,0.4,0.0,0.0697,-6.499,0.0245,101.025,0.397,7,4,1970s
71,Bloody Mary Morning,Phases And Stages,Willie Nelson,1974,168933,46,0.586,0.601,0.766,0.000903,0.347,-13.262,0.0466,130.14,0.856,7,4,1970s
72,Dueling Banjos,Dueling Banjos From The Original Sound Track Of Deliverance And Additional Music,Eric Weissberg,1973,194879,50,0.409,0.417,0.484,0.959,0.0663,-8.781,0.0791,149.79,0.501,9,4,1970s
73,"When You're Hot, You're Hot",The Essential Jerry Reed,Jerry Reed,1995,139560,46,0.354,0.788,0.832,0.0,0.1,-10.783,0.0981,101.045,0.91,4,4,1970s
74,It's Not Love (But It's Not Bad),The Very Best Of Merle Haggard,Merle Haggard,2007-01-01,201386,36,0.189,0.659,0.281,0.0,0.112,-13.564,0.0268,108.287,0.518,7,4,1970s
75,Till the End,Till The End,Vern Gosdin,1977,166000,40,0.411,0.547,0.265,1.35e-06,0.109,-16.803,0.0249,93.106,0.385,9,4,1970s
76,Don't Take It Away - Single Version,Gold,Conway Twitty,2006-01-01,221400,42,0.517,0.721,0.302,0.0,0.168,-16.424,0.0592,88.461,0.433,4,4,1970s
77,Man in Black,Man In Black,Johnny Cash,1971-05-26,172986,59,0.589,0.676,0.58,0.000145,0.218,-14.217,0.0506,95.358,0.89,5,4,1970s
78,Blue Skies,Stardust,Willie Nelson,1978-04-01,213440,53,0.207,0.381,0.335,0.088,0.1,-12.797,0.0362,83.792,0.259,2,4,1970s
79,Out Of My Head And Back In My Bed,The Definitive Collection,Loretta Lynn,2005-01-01,160920,35,0.284,0.625,0.69,0.0167,0.727,-10.424,0.0322,132.446,0.915,2,4,1970s
80,Goin' Steady,Golden Hits,Faron Young,1995-01-01,125266,37,0.47,0.492,0.428,0.0,0.204,-13.132,0.0352,165.776,0.871,0,4,1970s
81,The Wurlitzer Prize (I Don't Want to Get Over You),The Essential Waylon Jennings,Waylon Jennings,2007-05-01,128253,41,0.861,0.597,0.346,0.00309,0.13,-12.679,0.0399,118.704,0.499,7,4,1970s
82,She's Actin' Single (I'm Drinkin' Doubles),RCA Country Legends,Gary Stewart,2004-07-27,171093,39,0.567,0.708,0.482,2.59e-05,0.115,-10.366,0.0315,109.41,0.699,6,4,1970s
83,Amos Moses,The Essential Jerry Reed,Jerry Reed,1995,139760,48,0.526,0.75,0.711,0.000653,0.0282,-10.633,0.0641,105.636,0.961,2,4,1970s
84,Paper Roses,20th Century Masters: The Millennium Collection: Best of Donny & Marie Osmond,Donny Osmond,2002-01-01,158973,41,0.272,0.359,0.504,1.52e-05,0.332,-10.555,0.0349,114.172,0.73,8,4,1970s
85,(If Loving You Is Wrong) I Don't Want To Be Right,Ultimate Collection: Barbara Mandrell,Barbara Mandrell,2001-01-01,185013,37,0.0341,0.621,0.536,1.01e-05,0.142,-10.935,0.0349,74.256,0.72,4,4,1970s
86,Lonely Women Make Good Lovers,Greatest Hits,Bob Luman,1974-03-01,193960,43,0.712,0.652,0.484,0.124,0.272,-10.389,0.0309,121.604,0.636,8,4,1970s
87,The Fightin' Side Of Me,HAG: The Hits Volume 2,Merle Haggard,2011-09-06,169346,46,0.368,0.754,0.497,0.0,0.193,-11.14,0.039,95.502,0.789,4,4,1970s
88,I Can Help,The Best Of Billy Swan,Billy Swan,1974,238333,51,0.511,0.471,0.675,0.019,0.232,-9.07,0.0513,125.313,0.53,0,4,1970s
89,Barstool Mountain,The Very Best Of...Volume 1,Moe Bandy,2012-06-19,169000,37,0.23,0.73,0.225,4.27e-06,0.258,-15.429,0.032,123.61,0.596,2,4,1970s
90,Love Is Like a Butterfly,The Essential Dolly Parton,Dolly Parton,2005-06-28,140173,37,0.721,0.686,0.187,0.0,0.12,-12.062,0.0391,89.616,0.772,8,4,1970s
91,You and Me,The Essential Tammy Wynette,Tammy Wynette,2013-08-20,200426,37,0.584,0.458,0.234,0.00029,0.182,-14.843,0.0273,77.317,0.197,8,3,1970s
92,"Midnight, Me And The Blues",All His Great Hits,Mel Tillis,1995-01-01,170200,32,0.843,0.647,0.282,0.00134,0.182,-15.042,0.0319,132.169,0.753,3,4,1970s
93,I Can't Believe She Gives It All To Me - Single Version,Gold,Conway Twitty,2006-01-01,143373,38,0.56,0.471,0.195,0.000106,0.102,-16.353,0.0277,91.817,0.47,2,4,1970s
94,What Goes On When The Sun Goes Down,The Essential Ronnie Milsap,Ronnie Milsap,2006-07-31,172800,0,0.661,0.693,0.484,1.22e-06,0.12,-10.004,0.0281,132.879,0.902,5,4,1970s
95,'Til I Get It Right,The Essential Tammy Wynette,Tammy Wynette,2013-08-20,157933,37,0.843,0.528,0.146,0.000356,0.101,-13.271,0.0288,133.894,0.336,0,4,1970s
0,"Forever and Ever, Amen",Top 10,Randy Travis,2010-09-24,212586,62,0.303,0.701,0.68,1.51e-05,0.159,-8.492,0.0264,90.607,0.704,2,4,1980s
1,Amarillo By Morning,Strait From The Heart,George Strait,1982-01-01,173466,70,0.264,0.606,0.361,3.39e-05,0.38,-16.031,0.0346,121.059,0.621,9,4,1980s
2,Baby's Got Her Blue Jeans On,Let It Roll,Mel McDaniel,1985-02-22,179653,62,0.237,0.871,0.714,1.94e-06,0.072,-6.413,0.0307,106.797,0.962,10,4,1980s
3,Elvira,Fancy Free,The Oak Ridge Boys,1981-01-01,225626,62,0.188,0.825,0.285,0.00131,0.0539,-17.491,0.0326,126.946,0.86,8,4,1980s
4,Mountain Music,Ultimate Alabama 20 # 1 Hits,Alabama,2004-10-08,218613,62,0.119,0.467,0.526,0.0,0.124,-9.982,0.0433,109.555,0.753,9,4,1980s
5,Fishin' in the Dark,Rhino Hi-Five: Nitty Gritty Dirt Band,Nitty Gritty Dirt Band,2007-04-24,202786,59,0.198,0.771,0.283,0.0,0.0888,-16.326,0.0444,77.756,0.906,2,4,1980s
6,Grandpa (Tell Me 'Bout The Good Old Days),I Will Stand By You - The Essential Collection,The Judds,2011-04-05,254640,56,0.426,0.565,0.456,8.08e-06,0.0612,-8.124,0.031,201.644,0.588,4,4,1980s
7,I'm Gonna Hire A Wino To Decorate Our Home,The Very Best Of David Frizzell,David Frizzell,2009-01-01,239386,0,0.465,0.606,0.456,0.0,0.309,-12.449,0.199,162.438,0.821,7,4,1980s
8,Tight Fittin' Jeans,20th Century Masters: The Millennium Collection: Best Of Conway Twitty,Conway Twitty,1999-01-01,170266,52,0.191,0.707,0.546,7.37e-05,0.145,-11.398,0.0429,102.417,0.861,4,4,1980s
9,Meet Me In Montana,Won't Be Blue Anymore,Dan Seals,1985-01-01,236626,56,0.393,0.661,0.389,1.04e-06,0.0902,-12.292,0.0301,124.147,0.515,10,4,1980s
10,I'm No Stranger to the Rain,Greatest Hits,Keith Whitley,1990-08-07,216066,48,0.401,0.671,0.44,0.131,0.111,-11.15,0.0235,88.115,0.489,4,4,1980s
11,Louisiana Saturday Night,I'm Countryfied,Mel McDaniel,1980-11-10,144186,68,0.532,0.686,0.622,0.0,0.0511,-7.31,0.0857,163.245,0.982,2,4,1980s
12,The Fireman,Does Fort Worth Ever Cross Your Mind,George Strait,1984-01-01,154360,58,0.137,0.664,0.601,3.09e-05,0.0567,-13.379,0.0616,168.979,0.934,2,4,1980s
13,The One I Loved Back Then (The Corvette Song),Super Hits/ Super Hits Vol. II/George & Tammy Super Hits,George Jones,1972,149333,0,0.519,0.636,0.479,0.0,0.408,-11.555,0.0812,159.433,0.935,2,4,1980s
14,I Love a Rainy Night,All Time Greatest Hits,Eddie Rabbitt,1991,191066,65,0.122,0.685,0.718,0.0,0.0556,-7.724,0.0521,131.463,0.958,0,4,1980s
15,"Lord, I Hope This Day Is Good - Single Version",Lord I Hope This Day Is Good,Don Williams,1981-01-01,249906,58,0.252,0.526,0.388,0.00137,0.114,-17.983,0.029,173.82,0.702,2,4,1980s
16,Roll On (Eighteen Wheeler),Roll On,Alabama,1984-05-21,262626,54,0.115,0.583,0.456,0.0,0.556,-19.116,0.0578,131.815,0.639,5,4,1980s
17,I'd Love To Lay You Down,Love Songs,Conway Twitty,2001-01-01,199600,51,0.572,0.638,0.377,0.0,0.102,-15.64,0.0341,81.911,0.778,2,4,1980s
18,Killin' Time,Ultimate Clint Black,Clint Black,2003-09-22,168000,57,0.455,0.714,0.522,1.02e-05,0.0967,-9.773,0.0283,121.312,0.69,7,4,1980s
19,Seven Spanish Angels (with Ray Charles),Friendship,Ray Charles,1984,231026,59,0.373,0.549,0.287,0.0,0.115,-13.135,0.0362,132.439,0.382,5,4,1980s
20,"Theme from ""The Dukes of Hazzard"" (Good Ol' Boys)",The Dukes Of Hazzard,Original Soundtrack,1978,126586,56,0.108,0.589,0.848,0.127,0.125,-10.998,0.0383,147.564,0.913,5,4,1980s
21,Leaving Louisiana In The Broad Daylight,Oak Ridge Boys Greatest Hits,The Oak Ridge Boys,1980-01-01,182200,47,0.247,0.597,0.628,1.9e-05,0.199,-14.06,0.0351,95.33,0.77,5,4,1980s
22,All My Rowdy Friends Are Coming Over Tonight,"Greatest Hits, Vol. 2","Hank Williams, Jr.",1972,178840,50,0.13,0.607,0.904,0.0,0.134,-7.693,0.0435,146.831,0.877,2,4,1980s
23,Drinkin' My Baby Goodbye,Me And The Boys,The Charlie Daniels Band,1985,221706,56,0.364,0.536,0.907,5.22e-06,0.103,-10.249,0.0559,177.352,0.893,9,4,1980s
24,When You Say Nothing at All,Greatest Hits,Keith Whitley,1990-08-07,222493,55,0.721,0.673,0.346,4.48e-06,0.0475,-12.803,0.0245,80.012,0.396,3,4,1980s
25,I Believe In You,20 Greatest Hits,Don Williams,1987-01-01,245573,49,0.835,0.659,0.221,0.000396,0.139,-20.219,0.0494,117.945,0.56,7,3,1980s
26,Slow Hand,Southern Comfort,Conway Twitty,1982,174640,59,0.22,0.796,0.337,0.0,0.115,-18.041,0.0334,106.923,0.858,5,4,1980s
27,Jose Cuervo,West By West,Shelly West,1983-01-01,162840,0,0.305,0.697,0.588,0.0,0.117,-9.416,0.0759,115.339,0.816,7,4,1980s
28,I Wouldn't Have Missed It For The World,There's No Gettin' Over Me,Ronnie Milsap,1981-08-01,217826,57,0.0637,0.663,0.511,1.09e-06,0.101,-10.843,0.0259,114.003,0.579,7,4,1980s
29,Why Not Me,Why Not Me,The Judds,1984-10-15,211266,60,0.502,0.732,0.667,4.07e-06,0.0524,-9.278,0.0278,125.6,0.727,10,4,1980s
30,Redneck Girl,"Greatest Hits, Vol. 1",The Bellamy Brothers,1982,208493,52,0.0831,0.759,0.554,4.92e-06,0.0895,-15.167,0.0349,126.994,0.913,9,4,1980s
31,40 Hour Week (For A Livin'),Greatest Hits,Alabama,1986-01-21,201026,48,0.123,0.578,0.44,0.0,0.145,-14.644,0.111,85.213,0.439,4,4,1980s
32,Diggin' Up Bones,Top 10,Randy Travis,2010-09-24,179373,52,0.361,0.703,0.575,0.0,0.0692,-8.215,0.0261,85.672,0.869,0,4,1980s
33,You're The Reason God Made Oklahoma,The Very Best Of David Frizzell & Shelly West,David Frizzell,2009-01-01,204386,0,0.526,0.467,0.348,0.0,0.154,-11.972,0.0314,97.431,0.399,9,4,1980s
34,Country Club,Country Club,Travis Tritt,1990,190800,54,0.194,0.805,0.57,1.46e-05,0.106,-8.215,0.0272,126.478,0.76,4,4,1980s
35,He Stopped Loving Her Today,George Jones - 16 Biggest Hits,George Jones,1998-07-14,197400,54,0.785,0.333,0.232,0.000548,0.252,-14.605,0.0366,144.788,0.398,8,4,1980s
36,Good Ole Boys Like Me - Single Version,20 Greatest Hits,Don Williams,1987-01-01,251600,48,0.579,0.715,0.238,0.000931,0.138,-21.114,0.0317,108.131,0.486,9,4,1980s
37,I Think I'll Just Stay Here And Drink,Down Every Road 1962-1994,Merle Haggard,1996-01-01,271666,47,0.0999,0.609,0.681,0.0495,0.0422,-11.491,0.0394,172.609,0.895,9,4,1980s
38,Lookin' for Love,Lookin' For Love,Johnny Lee,1980-05-06,220440,56,0.586,0.74,0.394,0.000215,0.316,-15.126,0.0331,123.689,0.78,2,4,1980s
39,"I Was Country When Country Wasn't Cool - Live At The Roy Acuff Theater Nashville, TN, 1981",After All These Years: The Collection,Barbara Mandrell,2020-07-10,220199,46,0.0759,0.597,0.473,0.000119,0.937,-14.271,0.0318,105.031,0.533,0,4,1980s
40,If You're Gonna Play in Texas (You Gotta Have a Fiddle in the Band),Ultimate Alabama 20 # 1 Hits,Alabama,2004-10-08,203240,55,0.115,0.522,0.651,0.0,0.0585,-9.817,0.0465,111.01,0.818,9,4,1980s
41,Deeper Than the Holler,Old 8 x 10,Randy Travis,1988-07-12,219080,67,0.29,0.647,0.482,0.0,0.232,-8.591,0.0262,142.648,0.437,5,4,1980s
42,Ocean Front Property,Ocean Front Property,George Strait,1987-01-01,188533,59,0.111,0.656,0.326,0.0,0.25,-15.756,0.0283,78.298,0.787,2,4,1980s
43,Old Hippie,Best Of The Bellamy Brothers,The Bellamy Brothers,1992-03-16,247040,53,0.038,0.691,0.497,5.94e-06,0.0859,-13.248,0.0473,103.893,0.701,11,4,1980s
44,Mama He's Crazy,Why Not Me,The Judds,1984-10-15,194760,56,0.34,0.728,0.398,0.0,0.137,-11.036,0.027,95.959,0.425,7,4,1980s
45,Guitar Town,Guitar Town,Steve Earle,1986-01-01,155266,61,0.229,0.661,0.496,0.0,0.0753,-15.53,0.0357,165.549,0.948,7,4,1980s
46,Tennessee Flat Top Box,The Very Best Of Rosanne Cash,Rosanne Cash,1979,195080,50,0.216,0.618,0.767,5.61e-05,0.219,-12.015,0.0307,97.522,0.964,5,4,1980s
47,Don't Close Your Eyes,Greatest Hits,Keith Whitley,1990-08-07,251560,54,0.723,0.618,0.271,0.000558,0.129,-13.695,0.026,78.334,0.264,7,4,1980s
48,American Made,Oak Ridge Boys Collection,The Oak Ridge Boys,1992-01-01,159866,53,0.108,0.696,0.527,0.000897,0.0377,-14.275,0.0329,128.962,0.974,8,4,1980s
49,My Favorite Memory,The Essential Merle Haggard: The Epic Years,Merle Haggard,1981,185573,52,0.874,0.452,0.158,0.000527,0.0846,-14.317,0.0358,129.822,0.134,2,3,1980s
50,Two Dozen Roses,Super Hits,Shenandoah,1994,223613,54,0.327,0.695,0.502,0.0,0.097,-12.01,0.0279,117.083,0.543,4,4,1980s
51,All My Rowdy Friends (Have Settled Down),Greatest Hits,"Hank Williams, Jr.",1982,240373,55,0.23,0.711,0.542,5.2e-06,0.28,-10.319,0.0287,127.002,0.813,0,4,1980s
52,Eighteen Wheels And A Dozen Roses,Untasted Honey,Kathy Mattea,1987-01-01,203400,0,0.0926,0.659,0.571,0.000159,0.0696,-13.609,0.0267,139.27,0.961,8,4,1980s
53,Honky Tonk Man,"Guitars, Cadillacs, Etc., Etc.",Dwight Yoakam,1986,167426,46,0.126,0.673,0.84,5.88e-05,0.175,-5.114,0.0381,144.184,0.749,4,4,1980s
54,Who's Gonna Fill Their Shoes,Super Hits,George Jones,1987-01-01,195133,54,0.672,0.441,0.262,0.0,0.133,-13.435,0.0301,138.327,0.317,4,4,1980s
55,(There's) No Gettin' Over Me,There's No Gettin' Over Me,Ronnie Milsap,1981-08-01,199680,57,0.627,0.595,0.447,0.000586,0.3,-10.342,0.0323,200.528,0.787,1,4,1980s
56,Big City,The Essential Merle Haggard: The Epic Years,Merle Haggard,1981,179333,58,0.275,0.707,0.401,0.000296,0.201,-14.222,0.0533,136.188,0.602,4,4,1980s
57,On the Other Hand,Storms of Life,Randy Travis,1986-06-02,186346,57,0.175,0.657,0.415,5.65e-06,0.132,-9.915,0.025,96.03,0.347,5,4,1980s
58,Sunday In the South,Super Hits,Shenandoah,1994,241026,49,0.697,0.615,0.335,0.0,0.122,-12.372,0.0251,90.956,0.441,7,4,1980s
59,Somebody's Knockin',The Best Of Terri Gibbs,Terri Gibbs,1985-01-01,181666,49,0.233,0.699,0.515,2.56e-06,0.0888,-10.816,0.0299,95.044,0.734,11,4,1980s
60,The Ride,David Allan Coe - 16 Biggest Hits,David Allan Coe,1975,186866,54,0.52,0.531,0.381,2.88e-06,0.213,-13.142,0.0587,167.117,0.554,5,4,1980s
61,Fool Hearted Memory,Strait Out Of The Box,George Strait,1995-01-01,159666,46,0.317,0.567,0.57,0.0,0.205,-9.926,0.0295,88.851,0.645,10,4,1980s
62,"Guitars, Cadillacs","Guitars, Cadillacs, Etc., Etc.",Dwight Yoakam,1986,185239,53,0.26,0.581,0.917,0.179,0.141,-3.519,0.0746,171.663,0.86,9,3,1980s
63,Swingin',Wild And Blue,John Anderson,1987,183533,47,0.548,0.666,0.64,0.0,0.177,-13.945,0.0387,107.751,0.954,4,4,1980s
64,Are the Good Times Really Over (I Wish a Buck Was Still Silver),The Essential Merle Haggard: The Epic Years,Merle Haggard,1981,253293,57,0.808,0.616,0.217,0.000109,0.122,-15.439,0.0335,130.613,0.141,0,3,1980s
65,I Told You So,Top 10,Randy Travis,2010-09-24,219946,50,0.347,0.633,0.325,0.0,0.114,-9.05,0.0268,79.079,0.229,9,4,1980s
66,Nobody,Just Sylvia,Sylvia,1982-06-15,199200,51,0.249,0.764,0.448,0.0,0.107,-12.371,0.0336,124.226,0.868,0,4,1980s
67,I Can Tell By the Way You Dance,"The Voice Box, Vol. 1",Vern Gosdin,2015-05-11,161493,44,0.0972,0.755,0.593,0.0,0.13,-11.093,0.0295,109.812,0.919,4,4,1980s
68,Unwound,Strait Country,George Strait,1981-01-01,145160,50,0.124,0.715,0.461,1.99e-06,0.0662,-14.473,0.0394,139.291,0.775,10,4,1980s
69,Streets of Bakersfield,Buenas Noches From a Lonely Room,Dwight Yoakam,1988,168213,57,0.0399,0.74,0.703,5.69e-06,0.0378,-11.87,0.0576,106.878,0.816,9,4,1980s
70,The Bluest Eyes In Texas,Big Dreams In A Small Town,Restless Heart,1988-07-15,287000,43,0.496,0.643,0.525,0.0,0.142,-10.988,0.0272,113.907,0.552,10,4,1980s
71,Stand By Me - Single Version,Ten Years Of Hits,Mickey Gilley,1974,215106,53,0.699,0.666,0.42,0.0511,0.142,-12.28,0.0255,90.794,0.34,4,4,1980s
72,I Loved 'Em Every One,Super Hits,T.G. Sheppard,1979,220426,38,0.216,0.66,0.688,0.0016,0.0685,-12.563,0.0304,87.126,0.718,4,4,1980s
73,Pancho and Lefty,The Essential Merle Haggard: The Epic Years,Merle Haggard,1981,287626,61,0.796,0.693,0.454,0.000154,0.143,-12.44,0.0332,122.641,0.54,2,4,1980s
74,One Promise Too Late,What Am I Gonna Do About You,Reba McEntire,1986-10-06,205866,49,0.449,0.644,0.304,0.0,0.715,-15.664,0.0363,79.099,0.68,0,4,1980s
75,Born To Boogie,35 Biggest Hits,"Hank Williams, Jr.",2015-06-16,164653,47,0.0848,0.573,0.94,1.35e-05,0.154,-4.486,0.0359,90.286,0.878,9,4,1980s
76,Everything That Glitters (Is Not Gold),Won't Be Blue Anymore,Dan Seals,1985-01-01,292626,52,0.726,0.654,0.259,0.0,0.0541,-16.728,0.0304,112.1,0.466,4,4,1980s
77,Common Man,Classics,John Conlee,2003-11-18,163106,0,0.546,0.792,0.605,0.0,0.0439,-8.008,0.0462,128.789,0.899,7,4,1980s
78,Only One You,Super Hits,T.G. Sheppard,1979,202226,34,0.49,0.813,0.62,0.186,0.0636,-12.454,0.0274,95.274,0.97,4,4,1980s
79,Baby's Gotten Good At Goodbye,Beyond The Blue Neon,George Strait,1989-01-01,210800,47,0.587,0.468,0.41,6.27e-06,0.0699,-11.782,0.028,183.898,0.519,3,4,1980s
80,Holding Her and Loving You,The Essential Earl Thomas Conley,Earl Thomas Conley,2018-05-04,188720,44,0.323,0.619,0.392,1.25e-05,0.123,-11.967,0.0304,125.868,0.334,7,4,1980s
81,Tennessee River,Ultimate Alabama 20 # 1 Hits,Alabama,2004-10-08,183120,48,0.289,0.392,0.608,9.97e-05,0.261,-9.797,0.0719,95.381,0.565,2,4,1980s
82,I Tell It Like It Used To Be,Super Hits,T. Graham Brown,1995-05-02,180866,47,0.358,0.73,0.49,0.0,0.0219,-10.613,0.0369,88.944,0.564,2,4,1980s
83,That's the Way Love Goes,The Essential Merle Haggard: The Epic Years,Merle Haggard,1981,181426,53,0.549,0.81,0.268,0.00886,0.0943,-16.733,0.0291,99.686,0.625,3,4,1980s
84,A Country Boy Can Survive,The Bocephus Box Set,"Hank Williams, Jr.",2000-08-22,255000,56,0.144,0.688,0.459,0.0,0.0816,-9.353,0.0365,75.184,0.493,7,4,1980s
85,The Cowboy Rides Away,"George Strait's Greatest Hits, Volume Two",George Strait,1987-01-01,202306,55,0.0558,0.686,0.332,0.00142,0.368,-16.984,0.0268,109.067,0.64,7,4,1980s
86,Friday Night Blues,Friday Night Blues,John Conlee,2008-01-01,198453,50,0.699,0.811,0.497,0.0,0.0577,-10.741,0.0406,107.636,0.603,0,4,1980s
87,Why Does It Have to Be (Wrong or Right),Wheels,Restless Heart,1986-10-31,180800,42,0.23,0.756,0.448,0.0,0.0817,-13.605,0.0282,88.945,0.82,9,4,1980s
88,Any Day Now - Remastered,Ultimate Ronnie Milsap,Ronnie Milsap,2004-03-01,222426,0,0.0849,0.663,0.561,4.79e-05,0.0725,-7.971,0.0248,102.911,0.605,5,4,1980s
89,80's Ladies,80s Ladies,K.T. Oslin,1987,251293,47,0.207,0.594,0.368,8.51e-06,0.0811,-11.504,0.024,98.358,0.297,0,4,1980s
90,Little Rock,Whoever's In New England,Reba McEntire,1986-01-01,187066,46,0.38,0.662,0.466,5.71e-06,0.0838,-14.705,0.0365,140.137,0.831,2,4,1980s
91,"Twinkle, Twinkle Lucky Star",The Essential Merle Haggard: The Epic Years,Merle Haggard,1981,203600,48,0.841,0.659,0.34,0.000598,0.222,-14.976,0.035,81.64,0.694,4,4,1980s
92,Islands In The Stream,A Love Song Collection,Kenny Rogers,2008-01-01,249880,0,0.427,0.589,0.641,0.0,0.0558,-5.533,0.0313,204.003,0.795,8,4,1980s
93,On the Road Again - Live,Greatest Hits (& Some That Will Be),Willie Nelson,1975,153106,54,0.55,0.714,0.724,0.101,0.826,-8.488,0.042,111.173,0.802,4,4,1980s
94,Love in the First Degree,Feels So Right,Alabama,1981,199200,47,0.366,0.626,0.411,0.0,0.0374,-11.162,0.0318,103.368,0.665,8,4,1980s
95,Baby Blue,50 Number Ones,George Strait,2004-01-01,209106,49,0.723,0.483,0.384,2.37e-05,0.0712,-11.602,0.0284,130.644,0.289,4,4,1980s
96,Love Is Alive,Why Not Me,The Judds,1984-10-15,238506,51,0.233,0.698,0.381,8.51e-06,0.106,-11.281,0.0291,86.302,0.365,4,4,1980s
97,I Got Mexico,Best Of Eddy Raven,Eddy Raven,1997-03-04,146466,48,0.366,0.82,0.529,0.0,0.09,-10.08,0.0385,112.114,0.853,6,4,1980s
98,Seven Year Ache,The Very Best Of Rosanne Cash,Rosanne Cash,1979,194853,52,0.475,0.747,0.568,0.000165,0.127,-8.651,0.0319,121.615,0.684,9,4,1980s
99,What I'd Say,The Heart of It All,Earl Thomas Conley,1988,232773,48,0.717,0.67,0.265,1.06e-06,0.102,-12.741,0.0289,117.799,0.255,6,4,1980s
0,Check Yes Or No,Strait Out Of The Box,George Strait,1995-01-01,200666,71,0.0551,0.708,0.524,3.21e-06,0.0371,-12.644,0.0352,111.482,0.69,5,4,1990s
1,Should've Been A Cowboy,Toby Keith,Toby Keith,1993-01-01,211306,0,0.471,0.619,0.672,3.15e-06,0.211,-7.786,0.0356,133.402,0.694,7,4,1990s
2,Bye-Bye,I'm Alright,Jo Dee Messina,1998-03-17,200960,63,0.183,0.644,0.868,0.0,0.322,-3.98,0.0464,134.38,0.642,10,4,1990s
3,Where The Green Grass Grows,Everywhere,Tim McGraw,1997-06-03,201600,66,0.198,0.479,0.698,0.0,0.126,-7.914,0.0277,159.699,0.673,7,4,1990s
4,She's In Love With The Boy - Single Version,Trisha Yearwood,Trisha Yearwood,1991-01-01,248200,68,0.522,0.783,0.698,2.52e-06,0.0754,-8.268,0.0323,124.996,0.758,3,4,1990s
5,Chattahoochee,A Lot About Livin' (And A Little 'Bout Love),Alan Jackson,1992-10-09,148160,72,0.362,0.606,0.706,0.0,0.16,-9.665,0.0379,174.533,0.819,0,4,1990s
6,Strawberry Wine,Did I Shave My Legs For This?,Deana Carter,1996-01-01,291533,67,0.314,0.572,0.449,0.0,0.0301,-6.566,0.0264,122.632,0.207,1,3,1990s
7,The Night The Lights Went Out In Georgia,For My Broken Heart,Reba McEntire,1991-01-01,257266,65,0.52,0.428,0.51,8.32e-06,0.105,-11.695,0.103,169.967,0.393,7,4,1990s
8,Neon Moon,Brand New Man,Brooks & Dunn,1991-08-13,261226,61,0.596,0.735,0.488,1.1e-06,0.0949,-10.56,0.026,102.383,0.452,9,4,1990s
9,Any Man Of Mine,The Woman In Me,Shania Twain,1995-01-01,246760,71,0.207,0.592,0.725,0.0,0.148,-8.698,0.0412,78.235,0.784,8,4,1990s
10,Fancy,Rumor Has It,Reba McEntire,1990-01-01,299733,65,0.226,0.674,0.517,0.0,0.0697,-11.225,0.0726,94.98,0.482,11,4,1990s
11,Sold (The Grundy County Auction Incident),John Michael Montgomery,John Michael Montgomery,1995-03-17,152186,70,0.108,0.771,0.848,0.0,0.35,-7.365,0.035,115.642,0.803,2,4,1990s
12,Dust On The Bottle,Out With A Bang,David Lee Murphy,1994-01-01,224666,72,0.0237,0.736,0.614,5.84e-06,0.292,-11.124,0.0389,99.942,0.858,11,4,1990s
13,When You Say Nothing At All,Now That I've Found You: A Collection,Alison Krauss,1995-01-01,260800,64,0.752,0.514,0.243,0.00054,0.0822,-12.348,0.0288,171.816,0.388,3,4,1990s
14,I'm in a Hurry (And Don't Know Why),American Pride,Alabama,1992-04-03,168640,61,0.198,0.757,0.69,0.0,0.078,-8.645,0.0286,128.654,0.867,9,4,1990s
15,Livin' On Love,Who I Am,Alan Jackson,1994-06-28,229560,57,0.141,0.724,0.55,4.55e-06,0.0639,-9.767,0.0268,118.557,0.67,9,4,1990s
16,Write This Down,Always Never The Same,George Strait,1999-01-01,219600,68,0.127,0.729,0.688,9.44e-06,0.295,-7.468,0.0264,123.867,0.671,3,4,1990s
17,My Maria,Borderline,Brooks & Dunn,1996-04-16,210866,54,0.117,0.693,0.705,0.000609,0.0626,-6.753,0.0254,125.409,0.912,3,4,1990s
18,Gone Country,Who I Am,Alan Jackson,1994-06-28,260493,57,0.0875,0.673,0.679,0.0,0.0752,-7.337,0.0254,125.607,0.612,7,4,1990s
19,XXX's And OOO's (An American Girl),Thinkin' About You,Trisha Yearwood,1995-01-01,167906,62,0.176,0.711,0.642,0.0,0.0814,-8.909,0.0319,125.831,0.762,0,4,1990s
20,Time Marches On,Time Marches On,Tracy Lawrence,1996-01-02,185360,67,0.563,0.856,0.517,0.000164,0.144,-9.232,0.0293,118.399,0.479,6,4,1990s
21,She Don't Know She's Beautiful,Haunted Heart,Sammy Kershaw,1993-01-01,174626,0,0.35,0.764,0.646,0.0,0.0823,-9.349,0.0305,116.115,0.886,9,4,1990s
22,Independence Day,The Way That I Am,Martina McBride,1993-09-12,204626,63,0.257,0.712,0.63,6.65e-05,0.0999,-6.202,0.0299,118.378,0.768,9,4,1990s
23,Brand New Man,Brand New Man,Brooks & Dunn,1991-08-13,178893,55,0.138,0.696,0.648,6.8e-06,0.124,-7.784,0.0306,127.493,0.877,7,4,1990s
24,Little Bitty,Everything I Love,Alan Jackson,1996-09-30,158626,65,0.151,0.571,0.818,0.0,0.348,-6.539,0.0415,163.045,0.728,4,4,1990s
25,She's Got It All,I Will Stand,Kenny Chesney,1997,205093,61,0.093,0.709,0.811,1.08e-05,0.1,-6.603,0.0323,132.728,0.735,7,4,1990s
26,Blame It on Your Heart,Only What I Feel,Patty Loveless,1993-04-20,213693,56,0.643,0.624,0.808,0.0,0.0914,-7.739,0.0472,149.522,0.88,8,4,1990s
27,Down On The Farm,Not A Moment Too Soon,Tim McGraw,1994-03-22,178866,60,0.115,0.721,0.735,0.0,0.0499,-11.849,0.0284,127.575,0.961,5,4,1990s
28,There's Your Trouble,Wide Open Spaces,The Chicks,1998-01-27,193064,62,0.481,0.737,0.869,0.0,0.308,-5.433,0.0267,126.628,0.898,2,4,1990s
29,That Ain't My Truck,A Thousand Memories,Rhett Akins,1995-01-01,243106,62,0.232,0.64,0.788,0.0,0.144,-9.012,0.035,128.961,0.774,7,4,1990s
30,If I Could Make a Living,If I Could Make A Living,Clay Walker,1994-09-16,134373,62,0.188,0.599,0.75,0.0,0.314,-6.767,0.0319,156.002,0.909,5,4,1990s
31,I'm Alright,I'm Alright,Jo Dee Messina,1998-03-17,199040,64,0.191,0.676,0.733,0.0,0.192,-7.745,0.0294,98.234,0.591,0,3,1990s
32,Watermelon Crawl,No Ordinary Man,Tracy Byrd,1994-01-01,181973,68,0.173,0.759,0.723,0.0,0.179,-9.315,0.028,136.746,0.962,0,4,1990s
33,Wild One,Take Me as I Am,Faith Hill,1993-01-01,165013,59,0.185,0.694,0.654,0.0,0.283,-9.148,0.0322,135.787,0.689,11,4,1990s
34,How Forever Feels,Everywhere We Go,Kenny Chesney,1999-02-26,188200,59,0.0986,0.723,0.674,1.83e-05,0.279,-7.427,0.0297,124.9,0.61,7,4,1990s
35,We Danced Anyway,Did I Shave My Legs For This?,Deana Carter,1996-01-01,202533,56,0.502,0.629,0.721,0.0,0.307,-3.722,0.0277,94.054,0.651,6,4,1990s
36,Boot Scootin' Boogie,Brand New Man,Brooks & Dunn,1991-08-13,197640,54,0.272,0.667,0.776,3.59e-06,0.355,-7.292,0.0356,130.669,0.899,11,4,1990s
37,Just To See You Smile,Everywhere,Tim McGraw,1997-06-03,215173,67,0.127,0.492,0.823,0.0,0.0523,-8.526,0.0297,94.342,0.702,6,4,1990s
38,If I Didn't Have You,On the Other Hand - All the Number Ones,Randy Travis,2015-04-21,186746,60,0.164,0.674,0.578,0.0,0.103,-10.919,0.0663,172.498,0.961,4,4,1990s
39,"Honey, I'm Home",Come On Over,Shania Twain,1997,213200,0,0.12,0.645,0.747,0.0,0.135,-5.747,0.0888,80.287,0.815,4,4,1990s
40,Carrying Your Love With Me,Carrying Your Love With Me,George Strait,1997-01-01,232426,67,0.22,0.629,0.479,0.0,0.0587,-10.608,0.0271,138.231,0.345,10,4,1990s
41,Life's a Dance,Greatest Hits,John Michael Montgomery,1997,188840,61,0.403,0.64,0.533,0.0,0.176,-9.846,0.0264,135.224,0.652,5,4,1990s
42,Meet In the Middle,Diamond Rio,Diamond Rio,1991-07-01,198333,67,0.663,0.746,0.443,0.0,0.223,-11.305,0.0359,91.11,0.554,4,4,1990s
43,Maybe It Was Memphis,Put Yourself In My Place,Pam Tillis,1990,239173,58,0.437,0.495,0.695,0.00048,0.0734,-6.929,0.0318,73.656,0.496,9,4,1990s
44,Blue Clear Sky,Blue Clear Sky,George Strait,1996-01-01,174866,62,0.202,0.638,0.819,4.1e-05,0.3,-6.646,0.0291,124.062,0.706,4,4,1990s
45,Chasin' That Neon Rainbow,Here In The Real World,Alan Jackson,1990-02-27,185373,54,0.21,0.726,0.565,0.0,0.0941,-10.355,0.033,149.004,0.849,7,4,1990s
46,Hard Workin' Man,Hard Workin' Man,Brooks & Dunn,1993-02-23,178493,61,0.333,0.692,0.769,1.22e-06,0.0552,-9.363,0.0369,151.503,0.727,0,4,1990s
47,Wide Open Spaces,Wide Open Spaces,The Chicks,1998-01-27,223832,68,0.577,0.563,0.544,0.0,0.128,-6.102,0.0306,179.351,0.602,4,4,1990s
48,T-R-O-U-B-L-E,T-R-O-U-B-L-E,Travis Tritt,1992-08-07,180160,60,0.0133,0.297,0.982,0.000699,0.689,-4.326,0.051,179.311,0.793,7,4,1990s
49,A Little Less Talk And A Lot More Action,Toby Keith,Toby Keith,1993-01-01,170546,0,0.282,0.755,0.808,2.02e-06,0.11,-7.367,0.0374,124.976,0.933,9,4,1990s
50,Pickup Man,Third Rock From The Sun,Joe Diffie,1994-07-26,216200,60,0.432,0.713,0.692,0.0,0.271,-8.554,0.0365,140.561,0.884,7,4,1990s
51,I'm From The Country - Single Version,I'm From The Country,Tracy Byrd,1998-01-01,213973,62,0.206,0.687,0.898,0.0,0.284,-3.93,0.042,129.542,0.952,2,4,1990s
52,Daddy's Money,Ricochet,Ricochet,1996-02-06,183493,59,0.189,0.698,0.861,0.0,0.0602,-4.756,0.0289,134.726,0.941,2,4,1990s
53,Straight Tequila Night,Seminole Wind,John Anderson,1992-02-07,173866,59,0.134,0.64,0.639,0.0,0.178,-10.11,0.0331,109.263,0.593,9,4,1990s
54,"I Like It, I Love It",All I Want,Tim McGraw,1995-08-15,205706,68,0.0196,0.643,0.961,0.0,0.948,-5.298,0.0315,124.027,0.96,0,4,1990s
55,Be My Baby Tonight,Kickin' It Up,John Michael Montgomery,1994-01-14,172200,58,0.215,0.632,0.773,2.7e-05,0.365,-7.956,0.0381,156.88,0.901,9,4,1990s
56,She's Not the Cheatin' Kind,Waitin' On Sundown,Brooks & Dunn,1994-09-27,207293,51,0.0882,0.706,0.647,3.53e-06,0.121,-9.77,0.0279,110.563,0.744,9,4,1990s
57,Lesson In Leavin',I'm Alright,Jo Dee Messina,1998-03-17,220200,59,0.273,0.612,0.804,0.0,0.311,-7.275,0.0543,80.771,0.841,7,4,1990s
58,Here's a Quarter (Call Someone Who Cares),It's All About to Change,Travis Tritt,1991,152333,59,0.304,0.648,0.572,0.0,0.131,-7.494,0.026,112.423,0.598,7,3,1990s
59,What Part of No,Watch Me,Lorrie Morgan,1992-05-24,164293,51,0.434,0.72,0.531,1.39e-05,0.341,-9.675,0.027,129.979,0.831,3,4,1990s
60,"Tall, Tall Trees",The Greatest Hits Collection,Alan Jackson,1995-10-16,147640,55,0.204,0.676,0.815,0.0,0.132,-6.192,0.037,145.969,0.965,7,4,1990s
61,Bubba Shot The Jukebox,Longnecks & Short Stories,Mark Chesnutt,1992-01-01,185840,62,0.307,0.544,0.648,0.0,0.0843,-8.454,0.0549,165.484,0.866,7,4,1990s
62,No One Needs To Know,The Woman In Me,Shania Twain,1995-01-01,183960,60,0.108,0.663,0.525,0.0,0.349,-9.674,0.0331,134.748,0.731,7,4,1990s
63,Wish I Didn't Know Now,Toby Keith,Toby Keith,1993-01-01,206840,0,0.448,0.799,0.707,0.000125,0.289,-8.464,0.0402,116.922,0.822,7,4,1990s
64,Does He Love You,"Reba McEntire's Greatest Hits, Volume Two",Reba McEntire,1993-01-01,260399,57,0.37,0.449,0.434,0.0,0.113,-10.657,0.0282,144.664,0.259,9,4,1990s
65,Better Things To Do,Terri Clark,Terri Clark,1995-01-01,188133,55,0.105,0.569,0.782,0.0,0.13,-5.868,0.0491,150.631,0.595,10,4,1990s
66,Every Light In The House,Dreamin' Out Loud,Trace Adkins,1996-01-01,179600,62,0.539,0.637,0.472,0.0,0.446,-7.295,0.0271,129.236,0.349,5,4,1990s
67,Tell Me Why,Tell Me Why,Wynonna,1993-05-11,230640,52,0.00746,0.621,0.802,0.00279,0.0677,-6.717,0.0315,141.612,0.81,3,4,1990s
68,I Can Still Make Cheyenne,Blue Clear Sky,George Strait,1996-01-01,256066,62,0.68,0.585,0.39,0.000769,0.0919,-10.233,0.0266,109.514,0.237,3,4,1990s
69,I'm Gonna Be Somebody,Country Club,Travis Tritt,1990,244933,60,0.173,0.563,0.668,7.15e-06,0.12,-6.666,0.0267,76.406,0.543,7,4,1990s
70,John Deere Green,Honky Tonk Attitude,Joe Diffie,1993-04-20,272066,60,0.11,0.703,0.834,0.0,0.0664,-5.054,0.0277,130.391,0.722,7,4,1990s
71,Ready to Run,Fly,The Chicks,1999-08-27,231293,59,0.245,0.644,0.644,0.00083,0.27,-7.542,0.0305,98.746,0.293,7,4,1990s
72,Summertime Blues,Who I Am,Alan Jackson,1994-06-28,192866,52,0.262,0.604,0.807,7.48e-05,0.238,-8.697,0.0343,161.0,0.968,7,4,1990s
73,The Shake,Be Good At It,Neal McCoy,1997-10-17,213333,55,0.0755,0.677,0.892,6.6e-06,0.202,-5.709,0.0527,145.921,0.898,9,4,1990s
74,It Matters to Me,It Matters to Me,Faith Hill,1995-08-18,197666,57,0.567,0.613,0.355,0.0,0.0909,-8.218,0.0247,135.622,0.129,6,4,1990s
75,Small Town Saturday Night,Past The Point Of Rescue,Hal Ketchum,1991-04-29,177986,61,0.218,0.627,0.697,0.0,0.0733,-6.61,0.0266,154.086,0.933,8,4,1990s
76,Don't Let Our Love Start Slippin' Away,I Still Believe In You,Vince Gill,1992-01-01,224800,57,0.42,0.736,0.719,0.000851,0.35,-9.311,0.0313,113.228,0.657,3,4,1990s
77,You Were Mine,Wide Open Spaces,The Chicks,1998-01-27,217807,59,0.342,0.542,0.346,0.0,0.283,-6.598,0.0296,139.856,0.173,9,4,1990s
78,No News,Lonestar,Lonestar,1995-10-09,173600,54,0.35,0.741,0.683,0.0,0.0604,-5.866,0.0285,116.301,0.86,5,4,1990s
79,One More Last Chance,I Still Believe In You,Vince Gill,1992-01-01,191200,57,0.411,0.525,0.878,0.0,0.291,-8.677,0.0404,176.249,0.963,2,4,1990s
80,Thinkin' About You,Thinkin' About You,Trisha Yearwood,1995-01-01,203693,49,0.551,0.614,0.543,2.48e-05,0.0518,-9.121,0.0273,91.621,0.639,11,4,1990s
81,Fast as You,This Time,Dwight Yoakam,1993-03-12,285200,62,0.000479,0.628,0.801,0.0897,0.396,-7.926,0.0282,125.954,0.843,4,4,1990s
82,No Place That Far,No Place That Far,Sara Evans,1998-10-26,217400,52,0.504,0.547,0.373,0.0,0.176,-7.336,0.0273,132.741,0.182,0,4,1990s
83,It's A Little Too Late - 1996 Greatest Hits Version,Greatest Hits: Mark Chesnutt,Mark Chesnutt,1996-01-01,163560,54,0.317,0.512,0.909,0.0,0.0681,-7.505,0.0504,172.975,0.791,9,4,1990s
84,Shut Up and Kiss Me,Stones In The Road,Mary Chapin Carpenter,1994-05-04,220640,49,0.537,0.777,0.535,7.3e-05,0.101,-11.894,0.0422,119.935,0.963,9,4,1990s
85,No Doubt About It,No Doubt About It,Neal McCoy,1994-01-18,227640,53,0.22,0.621,0.469,3.34e-05,0.067,-10.438,0.0267,144.665,0.511,4,4,1990s
86,Guys Do It All the Time,Ten Thousand Angels,Mindy McCready,1996-04-30,191800,53,0.0594,0.551,0.794,2.01e-05,0.231,-5.995,0.0341,165.813,0.587,0,4,1990s
87,I Just Want To Dance With You,One Step At A Time,George Strait,1998-01-01,210866,58,0.439,0.715,0.469,8.69e-05,0.104,-8.674,0.0279,113.991,0.502,0,4,1990s
88,You Ain't Much Fun,Boomtown,Toby Keith,1994-09-17,147026,51,0.229,0.771,0.675,0.0,0.366,-7.9,0.0457,138.322,0.757,9,4,1990s
89,No One Else On Earth,Wynonna,Wynonna,1992-03-31,240706,50,0.427,0.788,0.736,3.88e-06,0.0915,-9.176,0.0275,96.687,0.848,0,4,1990s
90,Hillbilly Shoes,Tattoos & Scars,Montgomery Gentry,1999-03-09,192693,52,0.0332,0.655,0.837,0.00223,0.111,-6.072,0.0355,115.938,0.708,7,4,1990s
91,That's My Story,Extremes,Collin Raye,1993,182960,53,0.538,0.642,0.834,0.0,0.108,-4.4,0.0982,137.875,0.645,5,4,1990s
92,Except for Monday,Something In Red,Lorrie Morgan,1991-04-09,176040,53,0.0818,0.658,0.6,3.52e-06,0.0637,-11.984,0.0326,170.114,0.886,7,4,1990s
93,Party Crowd,Out With A Bang,David Lee Murphy,1994-01-01,198440,58,0.0379,0.758,0.655,0.0,0.0795,-11.661,0.0292,127.141,0.767,7,4,1990s
94,Indian Outlaw,Not A Moment Too Soon,Tim McGraw,1994-03-22,182120,63,0.0364,0.664,0.739,4.99e-05,0.282,-7.229,0.0415,110.101,0.759,9,4,1990s
95,"If You See Him, If You See Her",If You See Him,Reba McEntire,1998-06-01,235933,54,0.272,0.371,0.452,0.0,0.2,-7.739,0.0275,164.424,0.186,7,4,1990s
96,You've Got to Stand for Something,You've Got to Stand for Something,Aaron Tippin,1991-01-29,182280,60,0.199,0.533,0.585,0.0,0.11,-9.789,0.0337,83.403,0.472,4,4,1990s
97,You Win My Love,The Woman In Me,Shania Twain,1995-01-01,265600,54,0.0165,0.707,0.802,0.0,0.0697,-8.943,0.0352,127.732,0.947,6,4,1990s
98,How Your Love Makes Me Feel,Greatest Hits,Diamond Rio,1997-07-14,245400,50,0.349,0.612,0.787,0.0,0.065,-8.119,0.0313,140.907,0.577,0,4,1990s
99,I Left Something Turned On At Home,Dreamin' Out Loud,Trace Adkins,1996-01-01,188240,53,0.169,0.623,0.91,0.00267,0.317,-5.29,0.032,151.466,0.929,3,4,1990s
0,Red Dirt Road,Red Dirt Road,Brooks & Dunn,2003-07-15,260360,68,0.0664,0.555,0.868,0.000117,0.116,-3.798,0.0403,136.12,0.479,5,4,2000s
1,It's A Great Day To Be Alive,Down The Road I Go,Travis Tritt,2000-10-01,241533,72,0.246,0.595,0.653,0.0,0.264,-4.935,0.0265,128.93,0.542,7,4,2000s
2,Before He Cheats,Some Hearts,Carrie Underwood,2005-11-14,199946,78,0.271,0.519,0.749,0.0,0.119,-3.318,0.0405,147.905,0.29,6,4,2000s
3,Suds in the Bucket,Restless,Sara Evans,2003-08-17,227266,68,0.052,0.511,0.903,0.000529,0.304,-3.163,0.0397,161.992,0.898,10,4,2000s
4,Somebody Like You,Golden Road,Keith Urban,2002-01-01,323040,68,0.108,0.624,0.84,0.000546,0.144,-5.768,0.0337,111.02,0.656,4,4,2000s
5,Cowboy Take Me Away,Fly,The Chicks,1999-08-27,287266,70,0.365,0.467,0.622,0.00527,0.0982,-7.255,0.031,164.418,0.455,6,4,2000s
6,Something Like That,A Place In The Sun,Tim McGraw,1999-05-04,183733,68,0.378,0.507,0.85,0.0,0.0567,-5.679,0.0472,171.8,0.847,5,4,2000s
7,I Go Back,When The Sun Goes Down,Kenny Chesney,2004-01-22,243666,63,0.0409,0.532,0.842,0.0,0.217,-5.754,0.0503,90.187,0.67,5,4,2000s
8,Gunpowder & Lead,Crazy Ex-Girlfriend,Miranda Lambert,2007-05-01,191693,67,0.153,0.333,0.907,0.0,0.395,-3.191,0.0959,187.826,0.353,0,4,2000s
9,Picture (feat. Sheryl Crow),Cocky,Kid Rock,2001-11-19,298960,71,0.172,0.692,0.496,6.42e-06,0.107,-7.332,0.0241,97.945,0.376,7,4,2000s
10,Ain't Nothing 'Bout You,#1s ... and then some,Brooks & Dunn,2009-09-08,199413,62,0.144,0.325,0.887,1.35e-06,0.431,-4.199,0.0569,202.339,0.705,0,4,2000s
11,I Wanna Talk About Me,Pull My Chain,Toby Keith,2001-08-10,183960,63,0.168,0.765,0.87,0.0,0.125,-5.191,0.0499,106.06,0.684,5,4,2000s
12,Redneck Woman,Here For The Party,Gretchen Wilson,2004-05-11,221333,66,0.13,0.499,0.825,0.0,0.306,-5.146,0.177,185.069,0.753,6,4,2000s
13,Chicken Fried,The Foundation,Zac Brown Band,2008-11-17,238146,52,0.645,0.566,0.713,0.0,0.114,-4.25,0.0418,169.861,0.805,6,4,2000s
14,Boondocks,The Road To Here,Little Big Town,2005-01-01,272346,69,0.211,0.41,0.78,0.0,0.48,-5.391,0.0332,88.016,0.695,9,4,2000s
15,Mr. Mom,Let's Be Us Again,Lonestar,2004-05-13,208693,63,0.0576,0.505,0.842,0.0,0.111,-3.316,0.0475,172.136,0.671,10,4,2000s
16,Live Like You Were Dying,Live Like You Were Dying,Tim McGraw,2004-08-17,300333,69,0.492,0.416,0.546,0.0,0.0845,-7.728,0.0297,159.929,0.418,7,4,2000s
17,She's Country,Wide Open,Jason Aldean,2009-04-07,220573,71,0.198,0.553,0.872,0.0,0.0659,-2.832,0.0782,172.138,0.638,1,4,2000s
18,If You're Going Through Hell (Before The Devil Even Knows),If You're Going Through Hell,Rodney Atkins,2006-07-18,216773,64,0.0613,0.566,0.898,0.0,0.126,-3.659,0.0634,115.954,0.791,9,4,2000s
19,Watching Airplanes,Living Hard,Gary Allan,2007-01-01,242946,66,0.547,0.374,0.711,4.12e-05,0.147,-3.587,0.0354,160.001,0.468,11,4,2000s
20,In Color,That Lonesome Song,Jamey Johnson,2008-01-01,290680,73,0.391,0.544,0.404,3.98e-06,0.157,-8.751,0.0354,129.518,0.251,3,4,2000s
21,Breathe,Breathe,Faith Hill,1999-11-09,250546,69,0.173,0.529,0.496,0.0,0.251,-9.007,0.029,136.859,0.278,7,4,2000s
22,Find out Who Your Friends Are,For the Love,Tracy Lawrence,2007-01-30,227840,60,0.209,0.524,0.797,0.0,0.286,-4.777,0.0329,159.859,0.783,2,4,2000s
23,Goodbye Earl,Fly,The Chicks,1999-08-27,258640,64,0.0192,0.705,0.7,0.0,0.0755,-7.38,0.0295,122.841,0.765,0,4,2000s
24,Love Like Crazy,Love Like Crazy,Lee Brice,2010-06-08,217386,66,0.0203,0.535,0.725,1.45e-05,0.176,-5.108,0.0275,78.489,0.292,10,4,2000s
25,Our Song,Taylor Swift,Taylor Swift,2006-10-24,201106,70,0.111,0.668,0.672,0.0,0.329,-4.931,0.0303,89.011,0.539,2,4,2000s
26,When the Sun Goes Down,When The Sun Goes Down,Kenny Chesney,2004-01-22,290560,67,0.0432,0.798,0.741,3e-06,0.252,-6.802,0.0284,104.945,0.708,9,4,2000s
27,What Was I Thinkin',Dierks Bentley,Dierks Bentley,2003-01-01,260826,69,0.152,0.551,0.825,6.2e-06,0.0999,-6.24,0.044,164.857,0.933,5,4,2000s
28,Leave the Pieces,"Stand Still, Look Pretty (U.S. Version)",The Wreckers,2006,210560,59,0.0255,0.514,0.679,0.0,0.0594,-6.117,0.0273,164.109,0.496,6,4,2000s
29,My Wish,Me And My Gang,Rascal Flatts,2006-01-01,248280,68,0.0307,0.548,0.769,5.53e-06,0.0867,-4.853,0.0312,135.712,0.388,4,4,2000s
30,Austin,Blake Shelton,Blake Shelton,2001-07-31,230333,65,0.188,0.605,0.609,0.0,0.0982,-7.063,0.0278,119.914,0.275,7,4,2000s
31,Save a Horse (Ride a Cowboy),Horse of a Different Color,Big & Rich,2004-04-20,200306,71,0.108,0.7,0.896,0.0,0.453,-2.276,0.191,102.065,0.817,2,4,2000s
32,Drive (For Daddy Gene),Drive,Alan Jackson,2002-01-15,242733,64,0.338,0.713,0.579,0.0,0.174,-8.066,0.0413,125.179,0.511,11,4,2000s
33,19 Somethin' - Greatest Hits Version,Greatest Hits,Mark Wills,2002-01-01,200466,63,0.132,0.58,0.816,0.0,0.0776,-5.165,0.0726,89.938,0.814,4,4,2000s
34,Good Directions,Doin' Somethin' Right,Billy Currington,2005-01-01,215853,71,0.307,0.716,0.72,0.0,0.135,-2.183,0.0319,122.512,0.464,5,4,2000s
35,Bless The Broken Road,Feels Like Today,Rascal Flatts,2004-01-01,226680,73,0.671,0.591,0.45,2.23e-05,0.159,-6.369,0.0266,135.893,0.344,0,4,2000s
36,Brokenheartsville,Man With A Memory,Joe Nichols,2002-01-01,230360,65,0.126,0.686,0.631,0.000183,0.107,-5.182,0.0232,103.953,0.509,10,4,2000s
37,Alright,Learn To Live,Darius Rucker,2008-01-01,231920,69,0.0527,0.601,0.806,0.0,0.185,-4.579,0.0345,89.87,0.711,7,4,2000s
38,Whiskey Lullaby,A Hundred Miles Or More: A Collection,Alison Krauss,2007-01-01,260826,56,0.817,0.532,0.371,0.0,0.131,-8.908,0.0334,74.47,0.161,2,4,2000s
39,Watching You,If You're Going Through Hell,Rodney Atkins,2006-07-18,235426,69,0.105,0.625,0.848,0.0,0.23,-4.008,0.0314,137.993,0.716,2,4,2000s
40,Big Green Tractor,Wide Open,Jason Aldean,2009-04-07,204200,68,0.646,0.623,0.59,0.0,0.295,-5.014,0.028,137.071,0.579,4,4,2000s
41,Just Another Day In Paradise,Phil Vassar,Phil Vassar,2000-02-21,233880,62,0.359,0.596,0.706,0.0,0.36,-5.562,0.0261,146.095,0.705,2,4,2000s
42,Paint Me A Birmingham,Strong,Tracy Lawrence,2004-03-30,228173,57,0.319,0.545,0.428,0.0,0.114,-9.388,0.0279,131.784,0.335,6,4,2000s
43,Would You Go With Me,Your Man,Josh Turner,2006,228186,75,0.13,0.605,0.864,0.000827,0.113,-5.365,0.0292,122.918,0.736,6,4,2000s
44,Tequila Makes Her Clothes Fall Off,III,Joe Nichols,2005-01-01,187053,70,0.129,0.664,0.706,1.06e-06,0.0857,-7.045,0.027,93.968,0.681,2,4,2000s
45,Ol' Red,Blake Shelton,Blake Shelton,2001-07-31,221266,67,0.146,0.664,0.556,3.91e-06,0.113,-7.713,0.0365,75.049,0.494,10,4,2000s
46,Gettin' You Home,The Man I Want To Be,Chris Young,2009-09-01,212133,67,0.44,0.639,0.678,1.45e-06,0.221,-5.02,0.0278,106.966,0.531,7,4,2000s
47,My Front Porch Looking In,Playlist: The Very Best Of Lonestar,Lonestar,1995,223573,58,0.0317,0.529,0.811,0.0,0.311,-5.62,0.0511,102.703,0.454,5,4,2000s
48,A Little Bit Stronger,Stronger,Sara Evans,2011-03-07,301986,65,0.282,0.536,0.65,1.16e-06,0.0876,-5.603,0.0337,147.93,0.288,2,4,2000s
49,Something to Be Proud Of,You Do Your Thing,Montgomery Gentry,2004-05-18,256600,65,0.0811,0.645,0.693,1.22e-05,0.175,-6.481,0.0344,97.555,0.553,0,4,2000s
50,Amarillo Sky,Jason Aldean,Jason Aldean,2005-07-26,202546,62,0.314,0.491,0.776,0.0,0.146,-3.887,0.0393,154.988,0.428,2,4,2000s
51,Brand New Girlfriend,Brand New Girlfriend,Steve Holy,2006-08-08,220186,59,0.0273,0.669,0.861,0.0,0.0586,-3.547,0.0929,133.82,0.72,2,4,2000s
52,Who I Am,Who I Am,Jessica Andrews,2000-02-27,255233,59,0.0115,0.463,0.674,0.0,0.123,-5.422,0.0319,84.039,0.259,7,4,2000s
53,It Must Be Love,34 Number Ones,Alan Jackson,2010-11-19,171813,58,0.284,0.816,0.669,0.0,0.0563,-7.925,0.0295,112.132,0.967,6,4,2000s
54,She Thinks My Tractor's Sexy,Everywhere We Go,Kenny Chesney,1999-02-26,248066,65,0.0664,0.689,0.886,0.0,0.278,-7.066,0.0382,122.07,0.906,10,4,2000s
55,It Won't Be Like This For Long,Learn To Live,Darius Rucker,2008-01-01,219000,61,0.335,0.584,0.524,0.0,0.11,-6.001,0.0287,143.863,0.389,4,4,2000s
56,Lucky Man,Some People Change,Montgomery Gentry,2006-10-24,196706,57,0.368,0.578,0.471,0.0,0.159,-7.27,0.0289,133.061,0.532,4,4,2000s
57,As Good As I Once Was,Honkytonk University,Toby Keith,2005-01-01,227840,69,0.266,0.68,0.87,0.0,0.109,-4.461,0.0393,119.075,0.646,5,4,2000s
58,This One's for the Girls,Martina,Martina McBride,2003-09-30,243160,61,0.0626,0.613,0.801,1.15e-05,0.124,-4.431,0.0354,126.966,0.609,8,4,2000s
59,Just Got Started Lovin' You,Sunset Man (Standard Version),James Otto,2008-04-07,234640,63,0.159,0.705,0.606,0.00149,0.242,-7.047,0.0243,98.001,0.876,7,4,2000s
60,Tim McGraw,Taylor Swift,Taylor Swift,2006-10-24,232106,64,0.575,0.58,0.491,0.0,0.121,-6.462,0.0251,76.009,0.425,0,4,2000s
61,Red Ragtop,Tim McGraw And The Dancehall Doctors,Tim McGraw,2002-11-26,283560,57,0.191,0.551,0.671,2.49e-06,0.202,-7.888,0.0286,77.066,0.561,7,4,2000s
62,Gimmie That Girl,Old Things New,Joe Nichols,2009,185453,60,0.205,0.5,0.9,0.000251,0.694,-3.577,0.117,162.249,0.675,2,4,2000s
63,American Honey,Need You Now,Lady A,2010-01-01,224866,65,0.508,0.588,0.684,0.0,0.141,-5.154,0.0288,85.997,0.121,1,4,2000s
64,Must Be Doin' Somethin' Right,Doin' Somethin' Right,Billy Currington,2005-01-01,269586,68,0.205,0.489,0.647,0.0,0.0504,-3.424,0.027,167.792,0.436,9,4,2000s
65,Travelin' Soldier,Home,The Chicks,2002-08-27,343496,64,0.691,0.569,0.365,0.0,0.17,-7.047,0.0265,145.859,0.508,9,4,2000s
66,I Need You,Let It Go,Tim McGraw,2007-03-27,248800,55,0.333,0.541,0.596,0.000164,0.133,-7.09,0.03,79.697,0.204,4,4,2000s
67,Toes,The Foundation,Zac Brown Band,2008-11-17,262773,47,0.657,0.801,0.759,0.0,0.0897,-5.398,0.0378,129.971,0.821,11,4,2000s
68,Play Something Country,#1s ... and then some,Brooks & Dunn,2009-09-08,195586,60,0.0782,0.685,0.909,1.25e-06,0.369,-3.797,0.032,115.043,0.864,0,4,2000s
69,Kerosene,Kerosene,Miranda Lambert,2005,185800,61,0.00687,0.628,0.92,5.34e-05,0.337,-3.252,0.0287,126.998,0.808,7,4,2000s
70,Landslide,Home,The Chicks,2002-08-27,230549,69,0.534,0.571,0.438,1.56e-05,0.187,-7.007,0.0279,145.948,0.444,2,4,2000s
71,All My Friends Say,I'll Stay Me,Luke Bryan,2007-01-01,242800,61,0.0439,0.683,0.9,0.0,0.177,-4.422,0.0333,117.036,0.962,9,4,2000s
72,Redneck Yacht Club,My Kind Of Livin',Craig Morgan,2005-03-08,230373,67,0.455,0.49,0.817,0.0,0.0885,-5.405,0.0355,168.115,0.808,8,4,2000s
73,People Are Crazy,Little Bit Of Everything,Billy Currington,2008-01-01,231360,68,0.213,0.651,0.699,0.000265,0.12,-5.006,0.0265,141.938,0.36,5,4,2000s
74,Here for the Party,Here For The Party,Gretchen Wilson,2004-05-11,196760,65,0.0127,0.656,0.717,1.22e-05,0.904,-4.871,0.0279,123.988,0.809,0,4,2000s
75,Where I Come From,34 Number Ones,Alan Jackson,2010-11-19,239240,58,0.22,0.726,0.631,0.0,0.193,-8.136,0.0334,124.711,0.746,11,4,2000s
76,These Are My People,If You're Going Through Hell,Rodney Atkins,2006-07-18,213653,61,0.0316,0.558,0.896,0.0,0.528,-3.687,0.0545,90.064,0.63,0,4,2000s
77,Don't Think I Don't Think About It,Learn To Live,Darius Rucker,2008-01-01,183306,59,0.0275,0.578,0.752,0.0,0.125,-5.264,0.033,149.689,0.405,9,4,2000s
78,That's What I Love About Sunday,My Kind Of Livin',Craig Morgan,2005-03-08,201493,64,0.479,0.6,0.56,0.0,0.111,-6.311,0.0325,139.469,0.417,8,4,2000s
79,Mississippi Girl,Fireflies,Faith Hill,2005-08-02,232706,54,0.113,0.499,0.765,0.0,0.0509,-4.148,0.0521,83.916,0.665,9,4,2000s
80,Modern Day Bonnie and Clyde,Down The Road I Go,Travis Tritt,2000-10-01,284173,61,0.101,0.647,0.874,1.79e-05,0.277,-5.075,0.0337,89.727,0.918,9,4,2000s
81,Nothing On But The Radio,See If I Care,Gary Allan,2003-01-01,212026,61,0.0572,0.679,0.736,9.25e-06,0.139,-5.954,0.026,109.444,0.664,9,4,2000s
82,Born to Fly,Born To Fly,Sara Evans,2000-10-10,336360,57,0.00931,0.612,0.663,0.0152,0.0637,-9.314,0.035,100.178,0.558,1,4,2000s
83,Chicks Dig It - Single Edit,Chris Cagle,Chris Cagle,2003-01-01,210560,63,0.0221,0.596,0.921,0.0,0.303,-4.987,0.0504,104.024,0.703,7,4,2000s
84,Pickin' Wildflowers,Three Chord Country and American Rock & Roll,Keith Anderson,2005,185920,64,0.0353,0.561,0.716,0.0,0.122,-3.341,0.0291,152.089,0.667,8,4,2000s
85,Amazed,Lonely Grill,Lonestar,1999,240866,72,0.26,0.561,0.543,0.0,0.124,-8.498,0.0324,139.803,0.243,1,4,2000s
86,Long Black Train,Long Black Train,Josh Turner,2003-01-01,250626,63,0.237,0.537,0.699,2.27e-05,0.114,-6.615,0.0399,84.905,0.814,10,4,2000s
87,Need You Now,Need You Now,Lady A,2010-01-01,277573,73,0.0927,0.587,0.622,0.000636,0.2,-5.535,0.0303,107.943,0.231,4,4,2000s
88,What Kinda Gone,My Life's Been A Country Song,Chris Cagle,2008-01-01,181613,63,0.257,0.494,0.861,0.0,0.103,-5.236,0.0365,172.052,0.668,5,4,2000s
89,Some Beach,Blake Shelton's Barn & Grill,Blake Shelton,2004-10-26,204826,62,0.231,0.787,0.765,1.79e-05,0.323,-6.331,0.0265,115.979,0.964,0,4,2000s
90,Forever And For Always,Up!,Shania Twain,2002-01-01,283000,57,0.232,0.469,0.722,0.0,0.123,-4.806,0.0326,85.984,0.529,6,4,2000s
91,What Hurts The Most,Me And My Gang,Rascal Flatts,2006-01-01,214106,72,0.0088,0.537,0.674,0.0,0.265,-5.134,0.0277,136.002,0.33,5,4,2000s
92,Real Good Man,35 Biggest Hits,Tim McGraw,2015-06-16,254600,54,0.00986,0.56,0.827,1.13e-05,0.328,-5.393,0.0266,89.93,0.639,2,4,2000s
93,Mud On the Tires,Hits Alive,Brad Paisley,2010-11-02,206720,60,0.294,0.448,0.824,3.81e-05,0.662,-5.508,0.0478,185.217,0.463,2,4,2000s
94,You Look Good In My Shirt,Golden Road,Keith Urban,2002-01-01,227733,54,0.0075,0.653,0.865,1.18e-06,0.0629,-6.395,0.0325,116.966,0.828,7,4,2000s
95,Good Morning Beautiful,Blue Moon,Steve Holy,2000-10-03,210933,58,0.452,0.565,0.5,0.0,0.137,-8.822,0.031,70.984,0.242,7,4,2000s
96,Famous In a Small Town,Crazy Ex-Girlfriend,Miranda Lambert,2007-05-01,245333,55,0.268,0.509,0.932,0.0,0.0615,-3.948,0.0667,138.722,0.675,11,4,2000s
97,Free And Easy (Down The Road I Go),Greatest Hits / Every Mile A Memory 2003 - 2008,Dierks Bentley,2008-01-01,201120,58,0.00525,0.557,0.825,0.00164,0.177,-4.657,0.0283,120.017,0.841,6,4,2000s
98,Do I,Doin' My Thing,Luke Bryan,2009-01-01,239413,64,0.257,0.581,0.691,0.0,0.11,-5.33,0.0333,137.985,0.299,9,4,2000s
99,One More Day,One More Day,Diamond Rio,2001-02-02,216173,56,0.592,0.668,0.405,0.0,0.115,-7.629,0.0277,131.064,0.234,4,4,2000s
0,Whiskey Glasses,If I Know Me,Morgan Wallen,2018-04-27,234346,80,0.369,0.614,0.68,1.84e-06,0.115,-4.58,0.0289,149.959,0.707,6,4,2010s
1,Crazy Girl,Life At Best,Eli Young Band,2011-01-01,200706,72,0.000415,0.366,0.651,0.00526,0.271,-3.842,0.031,151.343,0.257,4,3,2010s
2,Mama's Broken Heart,Four The Record,Miranda Lambert,2011-11-01,177773,69,0.278,0.768,0.809,0.0,0.139,-4.204,0.0616,111.989,0.748,4,4,2010s
3,When It Rains It Pours,This One's for You,Luke Combs,2017-06-02,240760,79,0.013,0.551,0.801,6.03e-06,0.265,-5.069,0.0303,128.027,0.625,6,4,2010s
4,Dirty Laundry,Storyteller,Carrie Underwood,2015-10-23,204093,61,0.0595,0.456,0.874,1.12e-05,0.111,-4.129,0.114,200.179,0.5,10,4,2010s
5,Peter Pan,The First Time,Kelsea Ballerini,2015-05-18,200040,66,0.0284,0.514,0.659,0.0,0.266,-6.142,0.0309,76.483,0.463,1,4,2010s
6,Dirt Road Anthem,My Kinda Party,Jason Aldean,2010-11-02,229400,74,0.347,0.68,0.741,1.87e-06,0.117,-5.055,0.0357,127.024,0.635,2,4,2010s
7,Wagon Wheel,True Believers,Darius Rucker,2013-01-01,298373,78,0.455,0.537,0.66,0.0,0.135,-7.174,0.0296,148.096,0.574,9,4,2010s
8,Country Girl (Shake It For Me),Tailgates & Tanlines,Luke Bryan,2011-08-09,225560,71,0.0293,0.645,0.904,0.0,0.0834,-4.532,0.0462,105.97,0.671,2,4,2010s
9,The House That Built Me,Revolution,Miranda Lambert,2009-09-24,236626,68,0.578,0.525,0.3,8.3e-06,0.116,-8.005,0.0286,80.993,0.206,5,4,2010s
10,Hard To Love,Hard 2 Love,Lee Brice,2012-04-24,224293,71,0.0119,0.638,0.722,0.00808,0.189,-6.177,0.0332,103.017,0.469,9,4,2010s
11,Meant to Be (feat. Florida Georgia Line),All Your Fault: Pt. 2,Bebe Rexha,2017-08-11,163870,78,0.047,0.643,0.783,0.0,0.083,-6.458,0.0856,154.084,0.579,10,4,2010s
12,Beautiful Crazy,This One's for You Too (Deluxe Edition),Luke Combs,2018-06-01,193200,80,0.676,0.551,0.402,0.0,0.0928,-7.431,0.0262,103.313,0.382,11,4,2010s
13,I Could Use a Love Song,HERO (Deluxe Edition),Maren Morris,2017-03-17,196421,67,0.214,0.638,0.634,0.0,0.0866,-6.474,0.0468,92.097,0.473,6,4,2010s
14,Barefoot Blue Jean Night,Barefoot Blue Jean Night,Jake Owen,2011-08-26,167426,72,0.202,0.599,0.807,0.0,0.196,-4.679,0.0402,172.017,0.812,4,4,2010s
15,Somethin' Bad (with Carrie Underwood) - Duet with Carrie Underwood [Album],Platinum,Miranda Lambert,2014-06-02,169586,66,0.0527,0.68,0.888,2.82e-06,0.0575,-5.308,0.055,90.076,0.484,9,4,2010s
16,Are You Gonna Kiss Me Or Not,Thompson Square,Thompson Square,2011-02-08,184920,66,0.039,0.485,0.701,0.0,0.0977,-3.807,0.0288,151.948,0.613,8,4,2010s
17,Play It Again,Crash My Party,Luke Bryan,2013-01-01,226866,75,0.0916,0.506,0.886,0.0,0.0734,-3.225,0.0655,143.935,0.595,11,4,2010s
18,Cruise,Here's To The Good Times,Florida Georgia Line,2012-01-01,208960,73,0.0191,0.457,0.948,0.0,0.0536,-3.364,0.0354,148.0,0.878,10,4,2010s
19,Hurricane,This One's for You,Luke Combs,2017-06-02,222533,77,0.0153,0.464,0.813,0.0,0.254,-6.185,0.0416,75.977,0.515,10,4,2010s
20,"Lover, Lover",Judge Jerrod & The Hung Jury,Jerrod Niemann,2010-07-13,193733,64,0.186,0.879,0.567,0.0,0.622,-6.509,0.0588,112.473,0.948,7,4,2010s
21,Colder Weather,You Get What You Give (Deluxe),Zac Brown Band,2010-09-20,273893,42,0.455,0.667,0.381,0.0,0.116,-7.494,0.0294,135.975,0.199,3,4,2010s
22,Springsteen,Chief,Eric Church,2011-01-01,263386,74,0.1,0.692,0.809,9.77e-05,0.185,-5.935,0.0255,104.023,0.927,2,4,2010s
23,What Ifs (feat. Lauren Alaina),Kane Brown,Kane Brown,2016-12-02,188253,74,0.00898,0.612,0.799,0.0,0.172,-4.603,0.0275,125.976,0.687,10,4,2010s
24,Mean,Speak Now,Taylor Swift,2010-10-25,237733,68,0.452,0.568,0.761,0.0,0.217,-3.987,0.0459,163.974,0.789,4,4,2010s
25,She Got the Best of Me,This One's for You Too (Deluxe Edition),Luke Combs,2018-06-01,183160,77,0.0292,0.533,0.907,0.0,0.386,-3.793,0.0406,150.99,0.7,11,4,2010s
26,Rumor,Lee Brice,Lee Brice,2017-11-03,198440,74,0.749,0.655,0.56,0.0,0.115,-6.857,0.0486,140.975,0.599,9,4,2010s
27,Head Over Boots,California Sunrise,Jon Pardi,2016-05-13,202346,74,0.0763,0.563,0.688,0.0,0.0863,-4.474,0.0262,108.008,0.622,7,4,2010s
28,Yours,Yours,Russell Dickerson,2017-10-13,216960,2,0.119,0.555,0.722,0.0,0.0861,-6.005,0.034,134.058,0.559,11,4,2010s
29,Body Like A Back Road,Body Like A Back Road,Sam Hunt,2017-02-01,165386,75,0.447,0.732,0.458,0.0,0.136,-7.225,0.0311,98.938,0.661,5,4,2010s
30,The Way I Talk,If I Know Me,Morgan Wallen,2018-04-27,208280,73,0.0468,0.604,0.879,0.0,0.0909,-3.388,0.0322,137.983,0.757,4,4,2010s
31,My Girl,Dylan Scott (Deluxe Edition),Dylan Scott,2017-08-04,197640,69,0.0353,0.652,0.719,0.0,0.108,-7.251,0.033,94.969,0.24,1,4,2010s
32,Beer Never Broke My Heart,What You See Is What You Get,Luke Combs,2019-11-08,186733,1,0.0138,0.54,0.863,0.0,0.0874,-4.483,0.0481,77.0,0.64,1,4,2010s
33,Die From A Broken Heart,Die From A Broken Heart,Maddie & Tae,2018-10-19,188290,68,0.363,0.607,0.514,0.0,0.258,-6.631,0.0323,75.978,0.414,4,4,2010s
34,This Is How We Roll,Here's To The Good Times...This Is How We Roll,Florida Georgia Line,2013-01-01,220906,71,0.016,0.555,0.931,0.0,0.405,-2.969,0.0367,132.085,0.723,8,4,2010s
35,House Party,Montevallo,Sam Hunt,2014-10-27,190240,73,0.113,0.747,0.861,0.0,0.026,-5.251,0.0514,103.966,0.859,8,4,2010s
36,Die A Happy Man,Tangled Up,Thomas Rhett,2015-01-01,227426,75,0.418,0.595,0.389,1.39e-06,0.116,-9.245,0.0349,166.052,0.4,2,4,2010s
37,Knee Deep (feat. Jimmy Buffett),You Get What You Give (Deluxe),Zac Brown Band,2010-09-20,203173,1,0.432,0.715,0.584,1.41e-06,0.095,-8.231,0.0296,90.987,0.61,8,4,2010s
38,Stuck Like Glue,The Incredible Machine,Sugarland,2010-01-01,247586,69,0.329,0.702,0.795,0.0,0.0505,-4.764,0.0568,83.961,0.836,1,4,2010s
39,Sunshine & Whiskey,Sunshine & Whiskey,Frankie Ballard,2014-04-03,182400,66,0.223,0.67,0.737,0.0,0.325,-6.794,0.0434,92.983,0.754,9,4,2010s
40,Chasin' You,If I Know Me,Morgan Wallen,2018-04-27,205453,78,0.657,0.631,0.591,0.0,0.11,-5.785,0.0277,97.074,0.489,7,4,2010s
41,I Don't Want This Night To End,Tailgates & Tanlines,Luke Bryan,2011-08-09,219973,65,0.0275,0.616,0.728,0.0,0.228,-4.02,0.0278,111.934,0.375,9,4,2010s
42,Alright,Learn To Live,Darius Rucker,2008-01-01,231920,69,0.0527,0.601,0.806,0.0,0.185,-4.579,0.0345,89.87,0.711,7,4,2010s
43,My Church,HERO (Deluxe Edition),Maren Morris,2017-03-17,197930,69,0.243,0.517,0.743,3.36e-06,0.107,-4.336,0.0363,76.979,0.664,9,4,2010s
44,Bottoms Up - Remix,Just As I Am (Platinum Edition),Brantley Gilbert,2015-01-01,221573,63,0.0153,0.559,0.754,0.0,0.355,-5.509,0.0712,169.977,0.303,7,4,2010s
45,Every Little Thing,Yours,Russell Dickerson,2017-10-13,190640,1,0.216,0.638,0.854,0.0,0.0357,-4.664,0.11,93.869,0.859,1,4,2010s
46,Tequila,Dan + Shay,Dan + Shay,2018-06-22,196746,74,0.0312,0.489,0.581,0.0,0.132,-5.731,0.0281,86.016,0.494,11,4,2010s
47,Cop Car,Fuse (Deluxe Edition),Keith Urban,2013-01-01,256746,61,0.193,0.538,0.664,0.0,0.0918,-6.318,0.0392,154.033,0.366,1,4,2010s
48,Heaven,Kane Brown (Deluxe Edition),Kane Brown,2017-10-06,179506,75,0.263,0.677,0.556,0.0,0.105,-6.544,0.0306,80.006,0.521,9,4,2010s
49,How Country Feels,How Country Feels,Randy Houser,2013-01-22,185906,71,0.0379,0.678,0.839,0.0,0.0742,-3.617,0.0394,104.952,0.772,7,4,2010s
50,Rain Is A Good Thing,Doin' My Thing,Luke Bryan,2009-01-01,176160,67,0.105,0.622,0.932,2.37e-06,0.328,-4.66,0.0498,108.051,0.519,11,4,2010s
51,Even If It Breaks Your Heart,Life At Best,Eli Young Band,2011-01-01,220520,68,0.000159,0.495,0.527,0.0163,0.1,-4.742,0.0351,208.067,0.574,0,4,2010s
52,I Don't Dance,I Don't Dance (Deluxe Edition),Lee Brice,2014-09-09,221173,69,0.399,0.587,0.559,6.69e-06,0.0992,-7.742,0.0321,92.036,0.19,1,4,2010s
53,American Honey,Need You Now,Lady A,2010-01-01,224866,65,0.508,0.588,0.684,0.0,0.141,-5.154,0.0288,85.997,0.121,1,4,2010s
54,American Kids,The Big Revival,Kenny Chesney,2014-09-22,182960,71,0.0476,0.782,0.589,5.84e-06,0.0366,-7.37,0.0803,85.022,0.849,0,4,2010s
55,Eyes On You,Lambs & Lions,Chase Rice,2017-11-17,182493,72,0.323,0.606,0.652,0.0,0.201,-6.982,0.0281,97.155,0.476,9,4,2010s
56,Somethin' 'Bout A Truck,Up All Night,Kip Moore,2012-01-01,213826,70,0.0697,0.554,0.794,0.0,0.63,-5.417,0.035,176.01,0.79,11,4,2010s
57,Drunk On A Plane,RISER,Dierks Bentley,2014-01-01,254466,70,0.00495,0.423,0.73,1.13e-05,0.238,-5.566,0.032,205.972,0.66,9,4,2010s
58,Humble And Kind,Damn Country Music,Tim McGraw,2015-01-01,259266,70,0.679,0.355,0.48,2.28e-06,0.12,-7.31,0.0282,100.956,0.137,11,3,2010s
59,That's My Kind Of Night,Crash My Party,Luke Bryan,2013-01-01,190186,72,0.0571,0.661,0.751,0.0,0.105,-2.909,0.0481,109.995,0.875,7,4,2010s
60,Break Up In A Small Town,Montevallo,Sam Hunt,2014-10-27,229880,70,0.0749,0.579,0.776,0.0,0.239,-5.365,0.173,136.044,0.434,8,4,2010s
61,You Don't Know Her Like I Do,Halfway To Heaven (Deluxe Edition),Brantley Gilbert,2010,286520,62,0.022,0.49,0.716,0.00048,0.0526,-6.681,0.0441,74.988,0.288,4,4,2010s
62,You Make It Easy,Rearview Town,Jason Aldean,2018-04-13,196800,72,0.143,0.375,0.574,0.0,0.11,-5.305,0.0315,132.025,0.406,7,3,2010s
63,Pontoon,Tornado,Little Big Town,2013-01-01,212320,65,0.413,0.721,0.819,0.0,0.196,-5.715,0.0269,96.02,0.867,9,4,2010s
64,If I Die Young,The Band Perry,The Band Perry,2010-01-01,222773,72,0.348,0.606,0.497,0.0,0.275,-6.611,0.0277,130.739,0.362,4,4,2010s
65,As She's Walking Away,Country,Various Artists,2017-03-23,223840,49,0.46,0.556,0.655,0.0,0.12,-5.909,0.031,183.981,0.334,3,4,2010s
66,I Want Crazy - Encore,Hunter Hayes (Encore),Hunter Hayes,2011,236865,65,0.0539,0.562,0.878,0.0,0.112,-4.806,0.0387,103.029,0.558,8,4,2010s
67,Up Down (feat. Florida Georgia Line),If I Know Me,Morgan Wallen,2018-04-27,197253,73,0.0813,0.589,0.882,0.0,0.146,-3.039,0.035,129.915,0.793,6,4,2010s
68,Honey Bee,Red River Blue (Deluxe Edition),Blake Shelton,2011-07-11,210720,65,0.00167,0.481,0.849,1.49e-06,0.121,-5.131,0.0385,205.57,0.723,4,4,2010s
69,Need You Now,Need You Now,Lady A,2010-01-01,277573,73,0.0927,0.587,0.622,0.000636,0.2,-5.535,0.0303,107.943,0.231,4,4,2010s
70,Don't You Wanna Stay (with Kelly Clarkson),My Kinda Party,Jason Aldean,2010-11-02,256440,63,0.129,0.445,0.631,0.0,0.0911,-4.798,0.0304,143.846,0.152,11,4,2010s
71,In Case You Didn't Know,Brett Young,Brett Young,2017-02-10,224853,77,0.386,0.607,0.536,0.0,0.102,-7.306,0.0305,147.986,0.434,10,4,2010s
72,May We All,Dig Your Roots,Florida Georgia Line,2016-08-26,226173,70,0.0409,0.514,0.918,0.0,0.342,-4.306,0.0365,150.033,0.64,7,4,2010s
73,Break Up with Him,Meat and Candy,Old Dominion,2015-11-06,207733,65,0.0675,0.617,0.632,0.0,0.108,-5.381,0.0371,151.988,0.564,8,4,2010s
74,Heartless (feat. Morgan Wallen),Heartless (feat. Morgan Wallen),Diplo,2019-08-16,169226,3,0.275,0.764,0.555,0.0,0.0824,-6.414,0.0604,111.004,0.255,11,4,2010s
75,Small Town Boy,Current Mood,Dustin Lynch,2017-09-08,205733,71,0.0251,0.554,0.743,0.0,0.359,-6.016,0.0287,72.997,0.673,9,4,2010s
76,We Are Tonight,We Are Tonight,Billy Currington,2013-01-01,232106,69,0.0323,0.559,0.812,0.0,0.195,-5.347,0.0371,127.911,0.472,11,4,2010s
77,Highway Don't Care,Two Lanes Of Freedom,Tim McGraw,2013-01-01,276880,65,0.0216,0.47,0.79,0.0,0.0863,-5.352,0.039,158.061,0.495,2,4,2010s
78,I Like The Sound Of That,Rewind,Rascal Flatts,2014-01-01,209280,65,0.257,0.611,0.8,0.0,0.194,-5.61,0.0377,89.974,0.527,0,4,2010s
79,Setting the World On Fire (with P!nk),Cosmic Hallelujah,Kenny Chesney,2017-04-28,217466,62,0.0171,0.61,0.822,1.88e-06,0.093,-4.422,0.0355,93.993,0.437,0,4,2010s
80,Drink In My Hand,Chief,Eric Church,2011-01-01,191306,73,0.00635,0.626,0.913,0.0,0.293,-4.452,0.0318,113.044,0.946,0,4,2010s
81,Long Hot Summer,Get Closer (Deluxe Version),Keith Urban,2010-01-01,273586,60,0.0301,0.657,0.785,4.62e-06,0.0927,-8.428,0.037,127.987,0.769,3,4,2010s
82,Why Don't We Just Dance,Haywire,Josh Turner,2010,192800,68,0.42,0.677,0.776,0.000689,0.0954,-5.933,0.0386,121.834,0.642,5,4,2010s
83,Think of You,I'm Comin' Over,Chris Young,2015-11-13,218946,64,0.000937,0.616,0.893,0.0,0.111,-3.588,0.0375,111.959,0.567,11,4,2010s
84,Bartender,747,Lady A,2014-09-30,198266,64,0.0198,0.631,0.937,7.38e-06,0.327,-3.858,0.034,101.011,0.654,11,4,2010s
85,Follow Your Arrow,Same Trailer Different Park,Kacey Musgraves,2013-01-01,199640,68,0.418,0.448,0.649,0.0,0.0976,-5.925,0.0434,195.925,0.575,5,4,2010s
86,Church Bells,Storyteller,Carrie Underwood,2015-10-23,193333,67,0.226,0.575,0.844,0.0,0.0538,-1.772,0.0633,87.007,0.542,3,4,2010s
87,Take A Back Road,Take A Back Road,Rodney Atkins,2011-10-04,209426,67,0.183,0.581,0.856,0.0,0.0871,-4.0,0.0783,169.902,0.918,3,4,2010s
88,Gettin' You Home,The Man I Want To Be,Chris Young,2009-09-01,212133,67,0.44,0.639,0.678,1.45e-06,0.221,-5.02,0.0278,106.966,0.531,7,4,2010s
89,Wanted,Hunter Hayes (Encore),Hunter Hayes,2011,228840,70,0.268,0.421,0.476,0.0,0.0816,-7.692,0.0298,169.784,0.3,0,4,2010s
90,Stay A Little Longer,Pawn Shop,Brothers Osborne,2016-01-15,335480,65,0.0377,0.557,0.886,0.108,0.163,-5.356,0.0302,96.989,0.545,6,4,2010s
91,A Little Bit Stronger,Stronger,Sara Evans,2011-03-07,301986,65,0.282,0.536,0.65,1.16e-06,0.0876,-5.603,0.0337,147.93,0.288,2,4,2010s
92,Whatever She's Got,I'm A Fire,David Nail,2014-01-01,236800,66,0.217,0.527,0.723,0.0,0.037,-6.134,0.0411,160.465,0.888,1,4,2010s
93,Parachute,Traveller,Chris Stapleton,2015-05-04,253200,71,0.00967,0.642,0.762,5.72e-05,0.182,-7.411,0.0296,113.038,0.605,6,4,2010s
94,Mine,Speak Now,Taylor Swift,2010-10-25,230706,69,0.00265,0.624,0.757,1.87e-06,0.189,-2.94,0.0296,121.07,0.658,7,4,2010s
95,Hotel Key,Happy Endings,Old Dominion,2017-08-25,166573,67,0.152,0.758,0.867,0.0,0.308,-5.087,0.0475,102.018,0.964,11,4,2010s
96,Girl Crush,Pain Killer,Little Big Town,2014-10-21,193320,71,0.842,0.5,0.225,0.0,0.112,-10.22,0.0302,173.788,0.355,0,3,2010s
97,Five More Minutes,Seasons Change,Scotty McCreery,2018-01-12,241146,68,0.259,0.494,0.634,1.15e-06,0.109,-4.933,0.0282,156.03,0.28,7,4,2010s
98,Aw Naw,A.M.,Chris Young,2013-09-16,188706,65,0.0639,0.652,0.859,0.0,0.0777,-3.746,0.0358,109.971,0.491,2,4,2010s
99,Blue Tacoma,Yours,Russell Dickerson,2017-10-13,212066,3,0.0183,0.455,0.897,0.0,0.174,-4.879,0.0403,160.139,0.728,9,4,2010s
0,One Mississippi,One Mississippi,Kane Brown,2021-08-20,213718,77,0.00279,0.471,0.846,2.86e-06,0.145,-5.269,0.0389,100.089,0.539,0,4,modern
1,Doin' This,Doin' This,Luke Combs,2021-11-10,254181,79,0.18,0.593,0.552,1.71e-05,0.11,-5.838,0.028,115.0,0.39,1,4,modern
2,Wishful Drinking (with Sam Hunt),Wishful Drinking (with Sam Hunt),Ingrid Andress,2021-08-02,194544,76,0.289,0.678,0.528,0.0,0.0734,-7.317,0.0551,79.018,0.614,10,4,modern
3,Take My Name,Songs from 'For You',Parmalee,2021-07-09,157906,74,0.222,0.559,0.66,0.0,0.193,-4.143,0.0512,163.957,0.574,7,4,modern
4,Dirt Road Down,Dirt Road Down,Travis Denning,2021-08-06,165920,65,0.0678,0.54,0.87,0.0,0.12,-4.635,0.0487,97.991,0.494,8,4,modern
5,Drive,Drive,CHASE WRIGHT,2021-03-19,215000,59,0.117,0.626,0.84,0.0,0.216,-6.945,0.0533,144.087,0.737,10,4,modern
6,Stop Draggin' Your Boots,Stop Draggin' Your Boots,Danielle Bradbery,2021-07-30,164347,70,0.0379,0.463,0.76,0.0,0.115,-5.958,0.11,123.899,0.65,2,4,modern
7,Buy Dirt,Buy Dirt,Jordan Davis,2021-05-21,167480,81,0.639,0.586,0.559,0.0,0.0872,-6.725,0.05,177.945,0.437,4,4,modern
8,Getting Over Him,Getting Over Him,Lauren Alaina,2020-08-21,167678,70,0.0931,0.567,0.868,0.0,0.0986,-4.699,0.0605,154.07,0.517,8,4,modern
9,Whiskey And Rain,Whiskey And Rain,Michael Ray,2020-09-25,206506,76,0.508,0.653,0.623,3.32e-06,0.285,-4.56,0.0244,100.021,0.718,8,4,modern
10,Thinking 'Bout You (feat. MacKenzie Porter),Thinking 'Bout You (feat. MacKenzie Porter),Dustin Lynch,2021-03-19,170560,79,0.137,0.403,0.711,0.0,0.109,-4.189,0.0569,203.803,0.801,8,4,modern
11,Beers On Me,Beers On Me,Dierks Bentley,2021-07-29,174680,75,0.182,0.59,0.846,0.0,0.53,-4.251,0.0396,146.028,0.733,4,4,modern
12,Wilder Days,Reckless,Morgan Wade,2021-03-19,251293,16,0.00322,0.502,0.662,0.00274,0.119,-4.041,0.0293,110.917,0.4,9,4,modern
13,'Til You Can't,Human The Double Album,Cody Johnson,2021-10-08,224213,76,0.0513,0.501,0.815,0.0,0.106,-4.865,0.0436,160.087,0.46,1,4,modern
14,Footprints On The Moon,Goldmine,Gabby Barrett,2020-06-19,190223,70,0.00648,0.506,0.749,2.03e-05,0.223,-4.982,0.0388,151.928,0.372,8,4,modern
15,Truth About You,Truth About You,Mitchell Tenpenny,2021-07-09,203036,73,0.0975,0.492,0.708,0.0,0.12,-4.639,0.0334,161.989,0.697,10,4,modern
16,New Truck,New Truck,Dylan Scott,2021-07-23,174360,72,0.222,0.529,0.755,0.0,0.0986,-5.864,0.125,96.86,0.528,1,4,modern
17,Zero Trucks,Zero Trucks,Alana Springsteen,2021-07-09,162695,67,0.135,0.643,0.636,0.0,0.114,-4.927,0.0288,89.991,0.777,0,4,modern
18,Slow Down Summer,Slow Down Summer,Thomas Rhett,2021-11-05,216764,74,0.00838,0.464,0.755,0.0,0.0989,-5.707,0.0354,155.973,0.449,4,4,modern
19,First Light,First Light,BROWN & GRAY,2021-05-14,180025,69,0.323,0.504,0.746,3.93e-06,0.115,-4.018,0.029,92.955,0.596,6,4,modern
20,At the End of a Bar,Famous Friends,Chris Young,2021-08-06,186373,72,0.0443,0.494,0.782,0.0,0.0921,-4.228,0.0409,75.932,0.44,3,4,modern
21,If I Was a Cowboy,If I Was a Cowboy,Miranda Lambert,2021-10-15,195013,72,0.271,0.575,0.644,0.0,0.131,-5.68,0.0309,80.07,0.626,6,4,modern
22,23,23,Sam Hunt,2021-09-09,179720,74,0.0206,0.641,0.78,0.0,0.143,-5.138,0.0852,98.004,0.693,3,4,modern
23,If It Wasnâ€™t For Trucks,If It Wasn't For Trucks (Big Machine Radio Release Special),Riley Green,2020-09-11,197333,63,0.00047,0.435,0.811,0.0,0.163,-5.594,0.0357,152.041,0.174,2,4,modern
24,Never Say Never (with Lainey Wilson),Never Say Never (with Lainey Wilson),Cole Swindell,2021-11-18,176146,71,0.00717,0.472,0.937,0.0,0.11,-4.028,0.0567,140.073,0.454,0,4,modern
25,Heart On Fire,Heart,Eric Church,2021-04-16,258799,72,0.0352,0.653,0.927,4.47e-05,0.0966,-4.699,0.0289,119.97,0.894,8,4,modern
26,Itâ€™s â€˜Cause I Am,Real To Me,Callista Clark,2021-02-12,166800,69,0.14,0.731,0.674,0.0,0.114,-5.018,0.0397,99.05,0.623,10,4,modern
27,Paying For It,Paying For It,Levi Hummon,2021-07-14,191087,68,0.0254,0.528,0.802,0.0,0.211,-4.467,0.0403,177.907,0.625,2,4,modern
28,Younger Me,Younger Me,Brothers Osborne,2021-04-16,206853,66,0.0361,0.55,0.683,1.75e-06,0.334,-6.914,0.0362,87.053,0.24,4,4,modern
29,"Back Then, Right Now","Back Then, Right Now",Tenille Arts,2021-05-21,182066,71,0.0142,0.582,0.724,0.0,0.0484,-3.21,0.0319,76.986,0.495,5,4,modern
30,Pull Up,County Line,Chase Matthew,2021-07-30,152000,70,0.506,0.733,0.813,0.0,0.303,-4.752,0.0608,90.002,0.487,0,4,modern
31,To Be Loved By You,To Be Loved By You,Parker McCollum,2021-01-01,198324,70,0.00036,0.473,0.802,0.0,0.304,-4.497,0.037,145.983,0.453,10,4,modern
32,Make It Past Georgia,Make It Past Georgia,Ashland Craft,2021-07-23,201322,67,0.14,0.556,0.725,0.0,0.106,-5.056,0.0314,142.104,0.452,10,4,modern
33,Sleeve,Sleeve,Nate Smith,2021-02-19,261359,52,0.0224,0.698,0.794,0.0,0.167,-5.542,0.0334,125.982,0.299,0,4,modern
34,justified,justified,Kacey Musgraves,2021-08-27,180800,49,0.807,0.669,0.552,0.000874,0.321,-7.98,0.0587,100.102,0.488,0,4,modern
35,Love Is Real,Country Outta My Girl,Morgan Evans,2021-09-24,162973,67,0.00853,0.645,0.732,2.62e-05,0.198,-5.089,0.0453,95.02,0.708,3,4,modern
36,Come Back As A Country Boy,Come Back As A Country Boy,Blake Shelton,2021-10-01,221693,70,0.0197,0.487,0.796,0.000192,0.327,-3.9,0.0339,76.037,0.44,7,4,modern
37,Never Wanted To Be That Girl,Never Wanted To Be That Girl,Carly Pearce,2021-09-15,214416,69,0.151,0.553,0.609,0.0,0.112,-6.436,0.0469,73.903,0.471,1,4,modern
38,South On Ya,South On Ya,Luke Combs,2021-08-26,171864,74,0.017,0.586,0.931,0.0,0.0498,-4.096,0.0453,134.051,0.472,7,4,modern
39,Fancy Like,Country Stuff,Walker Hayes,2021-06-04,161853,83,0.114,0.649,0.76,0.0,0.317,-6.487,0.0574,80.018,0.843,1,4,modern
40,Freedom Was A Highway,Bettie James,Jimmie Allen,2020-07-10,212720,73,0.0891,0.563,0.847,0.0,0.121,-4.493,0.0468,96.06,0.666,1,4,modern
41,Steal My Love,Good Things,Dan + Shay,2021-08-13,162120,73,0.619,0.59,0.633,0.0,0.157,-5.452,0.0328,179.856,0.751,2,4,modern
42,All American,All American,Mickey Guyton,2021-08-20,182080,67,0.27,0.628,0.675,1.46e-06,0.133,-3.534,0.0598,130.159,0.655,0,4,modern
43,Tequila Little Time,Heartache Medication,Jon Pardi,2019-09-27,207161,72,0.0375,0.757,0.705,5.8e-06,0.114,-5.084,0.0252,104.972,0.855,2,4,modern
44,Just Drive,Just Drive,Erin Kinsey,2021-08-06,147693,68,0.0957,0.714,0.766,0.00183,0.0595,-4.42,0.0365,114.964,0.665,6,4,modern
45,Wild Hearts,Wild Hearts,Keith Urban,2021-08-19,182930,70,0.00276,0.605,0.786,0.0,0.347,-4.138,0.0379,116.995,0.512,4,4,modern
46,Best Thing Since Backroads,Best Thing Since Backroads,Jake Owen,2021-08-06,187432,70,0.0423,0.515,0.838,0.000211,0.115,-3.82,0.0306,156.033,0.328,7,4,modern
47,I Bet You Think About Me (feat. Chris Stapleton) (Taylorâ€™s Version) (From The Vault),Red (Taylor's Version),Taylor Swift,2021-11-12,285106,86,0.167,0.391,0.715,0.0,0.183,-4.516,0.0495,149.654,0.473,0,3,modern
48,Beer With My Friends (feat. Cole Swindell and David Lee Murphy),Beer With My Friends (feat. Cole Swindell and David Lee Murphy),Shy Carter,2021-06-18,176533,67,0.0446,0.603,0.927,0.0,0.0565,-2.598,0.0562,109.938,0.815,9,4,modern
49,7500 OBO,Here On Earth,Tim McGraw,2020-08-21,221400,69,0.1,0.528,0.718,0.0,0.304,-6.954,0.0337,155.759,0.51,7,4,modern
